entrada_time,salida_time,año,mes,regime,precio_entrada,precio_salida,resultado,pnl_usd,pnl_pct,capital,duracion_h,rango_imp,tp1_hit
2021-01-02 09:00:00,2021-01-02 15:00:00,2021,2021-01,BULL_MODERADO,39005.1,38541.88,SL,-19.54,-0.39,9980.46,6.0,3.53,True
2021-01-08 14:00:00,2021-01-08 15:00:00,2021,2021-01,RECUPERACION,38209.84,38011.61,SL,14.15,0.28,9994.61,1.0,10.85,True
2021-01-10 18:00:00,2021-01-10 18:00:00,2021,2021-01,BULL_FUERTE,38587.07,38212.71,SL,-48.48,-0.97,9946.13,0.0,6.18,False
2021-01-11 05:00:00,2021-01-11 07:00:00,2021,2021-01,BULL_FUERTE,38402.74,38039.7,SL,-7.29,-0.15,9938.84,2.0,2.91,True
2021-01-14 06:00:00,2021-01-14 09:00:00,2021,2021-01,BULL_FUERTE,41284.04,41921.65,TP2,47.07,0.95,9985.91,3.0,5.84,True
2021-01-23 05:00:00,2021-01-23 05:00:00,2021,2021-01,BULL_FUERTE,40766.82,41324.87,TP2,38.58,0.77,10024.48,0.0,11.8,True
2021-01-23 13:00:00,2021-01-23 14:00:00,2021,2021-01,BULL_FUERTE,41200.33,40868.09,SL,-40.42,-0.81,9984.06,1.0,4.99,False
2021-01-27 04:00:00,2021-01-27 04:00:00,2021,2021-01,BULL_FUERTE,43064.7,42781.74,SL,-32.8,-0.66,9951.26,0.0,5.96,False
2021-01-28 13:00:00,2021-01-28 14:00:00,2021,2021-01,BULL_FUERTE,43304.58,42768.77,SL,-61.56,-1.24,9889.7,1.0,7.46,False
2021-01-30 00:00:00,2021-01-30 00:00:00,2021,2021-01,RECUPERACION,42275.12,42950.69,TP2,49.47,1.0,9939.17,0.0,7.51,True
2021-01-30 13:00:00,2021-01-30 14:00:00,2021,2021-01,BULL_FUERTE,43308.86,43933.72,TP2,42.05,0.85,9981.21,1.0,4.86,True
2021-02-01 04:00:00,2021-02-01 05:00:00,2021,2021-02,BULL_FUERTE,44627.71,45260.53,TP2,40.99,0.82,10022.21,1.0,7.44,True
2021-02-05 11:00:00,2021-02-05 11:00:00,2021,2021-02,BULL_FUERTE,46698.17,47541.95,TP2,60.53,1.21,10082.74,0.0,8.33,True
2021-02-11 13:00:00,2021-02-11 13:00:00,2021,2021-02,BULL_FUERTE,47541.23,46932.38,SL,-64.56,-1.28,10018.18,0.0,9.23,False
2021-02-17 23:00:00,2021-02-17 23:00:00,2021,2021-02,RECUPERACION,46914.02,46302.23,SL,-65.32,-1.3,9952.86,0.0,4.65,False
2021-02-19 17:00:00,2021-02-19 18:00:00,2021,2021-02,BULL_FUERTE,47361.99,47738.97,TP2,10.1,0.2,9962.96,1.0,19.59,True
2021-02-20 10:00:00,2021-02-20 11:00:00,2021,2021-02,RECUPERACION,46834.3,46378.88,SL,-48.44,-0.97,9914.52,1.0,2.16,False
2021-02-21 05:00:00,2021-02-21 05:00:00,2021,2021-02,RECUPERACION,47172.51,46185.22,SL,-103.75,-2.09,9810.77,0.0,3.11,False
2021-02-27 11:00:00,2021-02-27 12:00:00,2021,2021-02,BULL_FUERTE,48616.83,49624.15,TP2,72.18,1.47,9882.95,1.0,11.34,True
2021-02-28 03:00:00,2021-02-28 04:00:00,2021,2021-02,BULL_FUERTE,49927.75,50763.13,TP2,53.13,1.08,9936.08,1.0,4.77,True
2021-03-03 15:00:00,2021-03-03 21:00:00,2021,2021-03,BULL_FUERTE,59740.96,60911.1,TP2,67.51,1.36,10003.59,6.0,12.3,True
2021-03-04 09:00:00,2021-03-04 10:00:00,2021,2021-03,BULL_FUERTE,63456.83,62979.09,SL,2.38,0.05,10005.97,1.0,3.44,True
2021-03-05 17:00:00,2021-03-05 20:00:00,2021,2021-03,BULL_FUERTE,61062.62,62388.12,TP2,78.53,1.57,10084.5,3.0,8.28,True
2021-03-06 07:00:00,2021-03-06 07:00:00,2021,2021-03,BULL_FUERTE,61826.59,61083.18,SL,-60.63,-1.2,10023.87,0.0,4.04,False
2021-03-07 09:00:00,2021-03-07 11:00:00,2021,2021-03,RECUPERACION,59864.94,59396.06,SL,-39.26,-0.78,9984.62,2.0,5.63,False
2021-03-11 20:00:00,2021-03-11 21:00:00,2021,2021-03,BULL_FUERTE,67624.39,68629.6,TP2,44.41,0.89,10029.02,1.0,9.04,True
2021-03-12 14:00:00,2021-03-12 14:00:00,2021,2021-03,BULL_FUERTE,69227.08,70346.01,TP2,51.08,1.02,10080.1,0.0,5.18,True
2021-03-14 14:00:00,2021-03-14 15:00:00,2021,2021-03,BULL_FUERTE,69525.68,70537.57,TP2,43.27,0.86,10123.38,1.0,8.41,True
2021-03-16 06:00:00,2021-03-16 08:00:00,2021,2021-03,BULL_FUERTE,77901.64,76991.17,SL,-18.82,-0.37,10104.56,2.0,8.11,True
2021-03-17 13:00:00,2021-03-17 14:00:00,2021,2021-03,BULL_FUERTE,76347.72,75677.08,SL,-44.38,-0.88,10060.18,1.0,6.05,False
2021-03-23 22:00:00,2021-03-24 03:00:00,2021,2021-03,RECUPERACION,71261.58,72833.0,TP2,80.68,1.6,10140.86,5.0,6.71,True
2021-03-25 10:00:00,2021-03-25 10:00:00,2021,2021-03,BULL_FUERTE,75489.04,76589.81,TP2,43.68,0.86,10184.54,0.0,6.83,True
2021-03-26 00:00:00,2021-03-26 07:00:00,2021,2021-03,BULL_FUERTE,76679.21,77817.38,TP2,45.19,0.89,10229.72,7.0,4.93,True
2021-03-27 07:00:00,2021-03-27 08:00:00,2021,2021-03,BULL_FUERTE,76285.37,75570.75,SL,-47.91,-0.94,10181.81,1.0,4.33,False
2021-04-24 13:00:00,2021-04-24 13:00:00,2021,2021-04,RECUPERACION,36990.6,37667.79,TP2,62.7,1.23,10244.51,0.0,7.54,True
2021-04-25 14:00:00,2021-04-25 14:00:00,2021,2021-04,BULL_MODERADO,36449.3,36176.6,SL,-38.32,-0.75,10206.19,0.0,6.85,False
2021-04-27 12:00:00,2021-04-27 14:00:00,2021,2021-04,BULL_FUERTE,37400.86,38024.05,TP2,54.51,1.07,10260.7,2.0,5.66,True
2021-05-06 21:00:00,2021-05-06 21:00:00,2021,2021-05,BULL_FUERTE,38249.24,37995.93,SL,-33.98,-0.66,10226.72,0.0,5.64,False
2021-05-09 06:00:00,2021-05-09 07:00:00,2021,2021-05,BULL_FUERTE,35924.65,36533.01,TP2,56.0,1.1,10282.73,1.0,13.16,True
2021-05-10 09:00:00,2021-05-10 09:00:00,2021,2021-05,BULL_FUERTE,37635.96,37121.66,SL,-70.26,-1.37,10212.47,0.0,3.79,False
2021-05-12 17:00:00,2021-05-12 17:00:00,2021,2021-05,BULL_FUERTE,37681.47,37957.5,TP2,7.15,0.14,10219.62,0.0,7.8,True
2021-05-13 02:00:00,2021-05-13 02:00:00,2021,2021-05,BULL_FUERTE,38539.74,37968.21,SL,-75.78,-1.48,10143.84,0.0,18.0,False
2021-05-13 11:00:00,2021-05-13 15:00:00,2021,2021-05,BULL_FUERTE,38055.86,37805.44,SL,7.26,0.14,10151.1,4.0,6.98,True
2021-06-04 20:00:00,2021-06-04 22:00:00,2021,2021-06,BULL_FUERTE,34314.47,34831.52,TP2,46.17,0.91,10197.27,2.0,14.34,True
2021-06-09 04:00:00,2021-06-09 04:00:00,2021,2021-06,BULL_FUERTE,35768.54,35180.6,SL,-83.81,-1.64,10113.46,0.0,11.94,False
2021-06-14 21:00:00,2021-06-14 21:00:00,2021,2021-06,RECUPERACION,34054.99,34444.48,TP2,27.75,0.55,10141.21,0.0,7.01,True
2021-06-15 12:00:00,2021-06-15 12:00:00,2021,2021-06,BULL_FUERTE,34947.49,35362.23,TP2,29.99,0.59,10171.21,0.0,10.0,True
2021-06-15 20:00:00,2021-06-15 20:00:00,2021,2021-06,BULL_FUERTE,35341.43,35891.72,TP2,48.81,0.96,10220.01,0.0,4.75,True
2021-06-18 03:00:00,2021-06-18 03:00:00,2021,2021-06,BULL_FUERTE,36674.28,36969.61,TP2,10.85,0.21,10230.86,0.0,10.26,True
2021-06-19 22:00:00,2021-06-19 23:00:00,2021,2021-06,BULL_FUERTE,39095.96,39739.07,TP2,53.56,1.05,10284.42,1.0,6.78,True
2021-06-22 08:00:00,2021-06-22 08:00:00,2021,2021-06,BULL_FUERTE,39667.75,40235.46,TP2,42.91,0.83,10327.33,0.0,5.73,True
2021-06-25 11:00:00,2021-06-25 11:00:00,2021,2021-06,BULL_FUERTE,41168.55,41865.48,TP2,56.52,1.09,10383.86,0.0,3.3,True
2021-06-25 20:00:00,2021-06-25 20:00:00,2021,2021-06,BULL_FUERTE,42997.62,43502.58,TP2,30.07,0.58,10413.93,0.0,15.47,True
2021-07-01 09:00:00,2021-07-01 09:00:00,2021,2021-07,RECUPERACION,41241.76,41957.24,TP2,59.17,1.14,10473.1,0.0,9.81,True
2021-07-04 03:00:00,2021-07-04 05:00:00,2021,2021-07,RECUPERACION,41941.12,42842.77,TP2,81.11,1.55,10554.21,2.0,6.68,True
2021-07-08 11:00:00,2021-07-08 16:00:00,2021,2021-07,RECUPERACION,39976.82,39491.19,SL,-22.06,-0.42,10532.15,5.0,7.56,True
2021-07-09 11:00:00,2021-07-09 15:00:00,2021,2021-07,RECUPERACION,41099.85,40811.17,SL,5.18,0.1,10537.33,4.0,7.17,True
2021-07-11 14:00:00,2021-07-11 18:00:00,2021,2021-07,RECUPERACION,40168.75,39889.62,SL,5.58,0.11,10542.91,4.0,6.02,True
2021-07-15 05:00:00,2021-07-15 11:00:00,2021,2021-07,BULL_FUERTE,40911.61,40555.3,SL,-3.77,-0.07,10539.14,6.0,4.04,True
2021-07-16 12:00:00,2021-07-16 13:00:00,2021,2021-07,BULL_FUERTE,41359.78,42134.24,TP2,67.09,1.27,10606.24,1.0,5.23,True
2021-07-19 22:00:00,2021-07-19 22:00:00,2021,2021-07,BULL_FUERTE,41793.53,42380.11,TP2,42.8,0.81,10649.04,0.0,7.04,True
2021-07-20 09:00:00,2021-07-20 10:00:00,2021,2021-07,BULL_FUERTE,43133.57,42607.16,SL,-64.98,-1.22,10584.05,1.0,8.18,False
2021-07-22 08:00:00,2021-07-22 09:00:00,2021,2021-07,RECUPERACION,42261.85,41754.38,SL,-63.55,-1.2,10520.51,1.0,3.08,False
2021-07-23 01:00:00,2021-07-23 03:00:00,2021,2021-07,BULL_MODERADO,41933.13,42802.49,TP2,77.47,1.47,10597.98,2.0,7.77,True
2021-07-25 23:00:00,2021-07-25 23:00:00,2021,2021-07,BULL_FUERTE,42493.28,42056.44,SL,-54.47,-1.03,10543.51,0.0,3.67,False
2021-08-01 23:00:00,2021-08-01 23:00:00,2021,2021-08,BULL_FUERTE,47410.01,47109.3,SL,-33.44,-0.63,10510.07,0.0,9.81,False
2021-08-04 00:00:00,2021-08-04 03:00:00,2021,2021-08,BULL_FUERTE,45761.05,45352.41,SL,-4.93,-0.09,10505.14,3.0,7.31,True
2021-08-04 14:00:00,2021-08-04 14:00:00,2021,2021-08,RECUPERACION,45391.49,45061.35,SL,-38.2,-0.73,10466.94,0.0,4.25,False
2021-08-06 01:00:00,2021-08-06 01:00:00,2021,2021-08,RECUPERACION,44593.4,45273.74,TP2,48.59,0.93,10515.53,0.0,5.1,True
2021-08-06 12:00:00,2021-08-06 14:00:00,2021,2021-08,RECUPERACION,44657.28,44259.73,SL,-4.78,-0.09,10510.75,2.0,6.01,True
2021-08-08 23:00:00,2021-08-08 23:00:00,2021,2021-08,BULL_FUERTE,45377.18,45980.13,TP2,38.51,0.73,10549.25,0.0,11.57,True
2021-08-09 11:00:00,2021-08-09 11:00:00,2021,2021-08,BULL_FUERTE,47209.96,46440.17,SL,-86.01,-1.63,10463.25,0.0,6.28,False
2021-08-10 02:00:00,2021-08-10 03:00:00,2021,2021-08,RECUPERACION,45645.05,45330.02,SL,-36.11,-0.69,10427.14,1.0,7.34,False
2021-08-10 19:00:00,2021-08-10 22:00:00,2021,2021-08,RECUPERACION,45618.65,46497.26,TP2,69.15,1.33,10496.29,3.0,4.66,True
2021-08-11 16:00:00,2021-08-11 16:00:00,2021,2021-08,BULL_FUERTE,45723.87,46487.26,TP2,56.23,1.07,10552.53,0.0,6.02,True
2021-08-12 00:00:00,2021-08-12 00:00:00,2021,2021-08,BULL_FUERTE,46456.81,46064.48,SL,-44.56,-0.84,10507.97,0.0,9.06,False
2021-08-13 13:00:00,2021-08-13 13:00:00,2021,2021-08,BULL_MODERADO,46273.99,45418.83,SL,-97.1,-1.85,10410.87,0.0,5.55,False
2021-08-14 16:00:00,2021-08-14 18:00:00,2021,2021-08,BULL_FUERTE,46429.74,47072.58,TP2,41.03,0.79,10451.9,2.0,5.82,True
2021-08-15 08:00:00,2021-08-15 11:00:00,2021,2021-08,BULL_FUERTE,46903.83,46223.43,SL,-34.28,-0.66,10417.63,3.0,4.28,True
2021-08-23 18:00:00,2021-08-24 01:00:00,2021,2021-08,RECUPERACION,44674.13,44208.09,SL,-12.77,-0.25,10404.86,7.0,15.18,True
2021-08-24 18:00:00,2021-08-24 18:00:00,2021,2021-08,RECUPERACION,44814.79,44407.3,SL,-47.3,-0.91,10357.55,0.0,6.31,False
2021-09-04 20:00:00,2021-09-04 21:00:00,2021,2021-09,BULL_FUERTE,44259.02,45114.4,TP2,69.04,1.33,10426.59,1.0,6.3,True
2021-09-05 10:00:00,2021-09-05 10:00:00,2021,2021-09,BULL_FUERTE,46104.63,45477.51,SL,-70.91,-1.36,10355.68,0.0,9.15,False
2021-09-08 17:00:00,2021-09-08 17:00:00,2021,2021-09,BULL_FUERTE,46414.62,46116.39,SL,-33.27,-0.64,10322.41,0.0,7.24,False
2021-09-09 07:00:00,2021-09-09 10:00:00,2021,2021-09,RECUPERACION,45011.09,44367.69,SL,-32.75,-0.63,10289.66,3.0,3.95,True
2021-09-23 09:00:00,2021-09-23 10:00:00,2021,2021-09,BULL_FUERTE,43436.92,43915.31,TP2,26.07,0.51,10315.73,1.0,5.99,True
2021-09-24 08:00:00,2021-09-24 10:00:00,2021,2021-09,BULL_FUERTE,43985.84,44691.26,TP2,51.89,1.01,10367.62,2.0,3.94,True
2021-09-27 22:00:00,2021-09-27 22:00:00,2021,2021-09,BULL_FUERTE,45901.84,45401.23,SL,-56.54,-1.09,10311.08,0.0,8.84,False
2021-09-28 07:00:00,2021-09-28 08:00:00,2021,2021-09,BULL_FUERTE,47613.88,48376.3,TP2,51.74,1.0,10362.82,1.0,3.64,True
2021-09-30 20:00:00,2021-09-30 21:00:00,2021,2021-09,BULL_FUERTE,47220.97,46656.96,SL,-20.6,-0.4,10342.22,1.0,9.82,True
2021-10-03 11:00:00,2021-10-03 11:00:00,2021,2021-10,BULL_FUERTE,62310.75,61303.8,SL,-83.57,-1.62,10258.66,0.0,4.11,False
2021-10-03 20:00:00,2021-10-03 20:00:00,2021,2021-10,BULL_FUERTE,61711.2,61164.34,SL,-45.45,-0.89,10213.2,0.0,6.25,False
2021-10-06 16:00:00,2021-10-06 16:00:00,2021,2021-10,BULL_FUERTE,64189.85,63618.18,SL,-45.48,-0.89,10167.72,0.0,5.66,False
2021-10-07 07:00:00,2021-10-07 07:00:00,2021,2021-10,BULL_FUERTE,64838.2,63922.79,SL,-71.78,-1.41,10095.95,0.0,3.95,False
2021-10-07 20:00:00,2021-10-07 23:00:00,2021,2021-10,BULL_FUERTE,64844.97,63566.18,SL,-59.64,-1.18,10036.3,3.0,7.26,True
2021-10-15 03:00:00,2021-10-15 03:00:00,2021,2021-10,BULL_FUERTE,62959.11,62487.36,SL,-37.6,-0.75,9998.7,0.0,14.09,False
2021-10-17 12:00:00,2021-10-17 15:00:00,2021,2021-10,BULL_FUERTE,66207.6,65674.44,SL,-0.27,-0.01,9998.44,3.0,4.27,True
2021-10-20 10:00:00,2021-10-20 11:00:00,2021,2021-10,RECUPERACION,62591.69,63173.16,TP2,16.76,0.34,10015.2,1.0,8.0,True
2021-10-20 18:00:00,2021-10-20 20:00:00,2021,2021-10,BULL_FUERTE,62644.99,62144.45,SL,-40.01,-0.8,9975.19,2.0,9.16,False
2021-11-03 16:00:00,2021-11-03 18:00:00,2021,2021-11,BULL_FUERTE,61358.7,60380.26,SL,-39.95,-0.8,9935.24,2.0,3.15,True
2021-11-04 09:00:00,2021-11-04 11:00:00,2021,2021-11,BULL_FUERTE,60715.41,60339.38,SL,9.05,0.18,9944.28,2.0,9.24,True
2021-11-07 04:00:00,2021-11-07 04:00:00,2021,2021-11,BULL_FUERTE,73358.95,72185.29,SL,-79.55,-1.6,9864.74,0.0,6.98,False
2021-11-18 16:00:00,2021-11-18 16:00:00,2021,2021-11,BULL_FUERTE,68721.77,68615.9,SL,-7.6,-0.15,9857.14,0.0,22.11,False
2021-11-19 23:00:00,2021-11-19 23:00:00,2021,2021-11,BULL_FUERTE,69906.67,68698.22,SL,-85.2,-1.73,9771.94,0.0,7.15,False
2021-11-20 06:00:00,2021-11-20 07:00:00,2021,2021-11,BULL_FUERTE,70055.23,69130.23,SL,-64.51,-1.32,9707.42,1.0,4.56,False
2021-11-21 14:00:00,2021-11-21 14:00:00,2021,2021-11,BULL_FUERTE,69620.6,68076.36,SL,-107.66,-2.22,9599.77,0.0,10.12,False
2021-11-22 07:00:00,2021-11-22 09:00:00,2021,2021-11,BULL_FUERTE,70066.71,68955.0,SL,-38.06,-0.79,9561.7,2.0,6.41,True
2021-11-24 04:00:00,2021-11-24 04:00:00,2021,2021-11,BULL_FUERTE,72343.24,73396.1,TP2,41.05,0.86,9602.75,0.0,8.47,True
2021-11-24 19:00:00,2021-11-24 19:00:00,2021,2021-11,BULL_FUERTE,74144.66,73069.88,SL,-69.6,-1.45,9533.15,0.0,5.72,False
2021-11-25 16:00:00,2021-11-25 16:00:00,2021,2021-11,BULL_FUERTE,75361.16,76316.94,TP2,32.06,0.67,9565.21,0.0,6.56,True
2021-11-27 23:00:00,2021-11-28 04:00:00,2021,2021-11,BULL_FUERTE,75648.98,74671.71,SL,-23.71,-0.5,9541.5,5.0,12.25,True
2021-11-29 07:00:00,2021-11-29 08:00:00,2021,2021-11,BULL_FUERTE,77300.43,78444.44,TP2,42.13,0.88,9583.62,1.0,3.95,True
2021-12-22 09:00:00,2021-12-22 09:00:00,2021,2021-12,BULL_FUERTE,35864.78,35505.86,SL,-47.95,-1.0,9535.67,0.0,7.54,False
2021-12-23 06:00:00,2021-12-23 07:00:00,2021,2021-12,BULL_FUERTE,34988.08,34763.02,SL,-30.67,-0.64,9505.0,1.0,5.93,False
2021-12-24 00:00:00,2021-12-24 02:00:00,2021,2021-12,BULL_FUERTE,34956.49,34711.35,SL,4.73,0.1,9509.73,2.0,6.87,True
2021-12-24 13:00:00,2021-12-24 16:00:00,2021,2021-12,RECUPERACION,34807.55,34364.26,SL,-22.7,-0.48,9487.03,3.0,3.74,True
2021-12-28 04:00:00,2021-12-28 07:00:00,2021,2021-12,BULL_FUERTE,34267.1,33656.1,SL,-47.01,-0.99,9440.02,3.0,15.1,True
2022-01-04 02:00:00,2022-01-04 02:00:00,2022,2022-01,BULL_FUERTE,43058.99,43465.22,TP2,16.5,0.35,9456.53,0.0,6.52,True
2022-01-04 11:00:00,2022-01-04 13:00:00,2022,2022-01,BULL_FUERTE,43623.81,44513.45,TP2,68.04,1.44,9524.57,2.0,5.86,True
2022-01-06 03:00:00,2022-01-06 03:00:00,2022,2022-01,BULL_FUERTE,43624.53,44380.93,TP2,54.07,1.14,9578.64,0.0,5.6,True
2022-01-10 05:00:00,2022-01-10 06:00:00,2022,2022-01,BULL_FUERTE,42064.9,41651.53,SL,-47.06,-0.98,9531.58,1.0,4.06,False
2022-01-12 12:00:00,2022-01-12 13:00:00,2022,2022-01,BULL_FUERTE,42160.86,43031.64,TP2,69.82,1.46,9601.4,1.0,4.48,True
2022-01-12 23:00:00,2022-01-13 00:00:00,2022,2022-01,BULL_FUERTE,41356.56,41912.83,TP2,35.95,0.75,9637.35,1.0,7.17,True
2022-01-14 09:00:00,2022-01-14 11:00:00,2022,2022-01,BULL_MODERADO,41413.13,40799.68,SL,-33.09,-0.69,9604.26,2.0,11.62,True
2022-01-31 03:00:00,2022-01-31 04:00:00,2022,2022-01,BULL_FUERTE,38841.45,38553.5,SL,2.84,0.06,9607.1,1.0,5.62,True
2022-01-31 15:00:00,2022-01-31 16:00:00,2022,2022-01,BULL_FUERTE,39201.1,38939.38,SL,-32.07,-0.67,9575.03,1.0,6.41,False
2022-02-03 14:00:00,2022-02-03 16:00:00,2022,2022-02,BULL_FUERTE,43815.3,43306.05,SL,-17.48,-0.37,9557.54,2.0,5.59,True
2022-02-23 11:00:00,2022-02-23 11:00:00,2022,2022-02,BULL_FUERTE,37565.11,38225.84,TP2,55.45,1.16,9612.99,0.0,8.54,True
2022-02-24 10:00:00,2022-02-24 10:00:00,2022,2022-02,BULL_FUERTE,37081.58,36696.96,SL,-49.85,-1.04,9563.14,0.0,4.19,False
2022-02-25 22:00:00,2022-02-26 03:00:00,2022,2022-02,BULL_FUERTE,39139.34,38608.41,SL,-26.83,-0.56,9536.31,5.0,7.24,True
2022-03-02 04:00:00,2022-03-02 04:00:00,2022,2022-03,BULL_FUERTE,46347.94,45877.54,SL,-48.39,-1.01,9487.92,0.0,2.72,False
2022-03-04 10:00:00,2022-03-04 11:00:00,2022,2022-03,BULL_FUERTE,43868.57,44711.3,TP2,62.69,1.32,9550.61,1.0,4.3,True
2022-03-04 22:00:00,2022-03-04 22:00:00,2022,2022-03,BULL_FUERTE,44090.04,43785.13,SL,-33.02,-0.69,9517.59,0.0,4.77,False
2022-03-09 07:00:00,2022-03-09 08:00:00,2022,2022-03,BULL_FUERTE,55881.16,55366.64,SL,-43.82,-0.92,9473.77,1.0,6.78,False
2022-03-10 13:00:00,2022-03-10 17:00:00,2022,2022-03,BULL_FUERTE,55441.47,56349.73,TP2,49.28,1.04,9523.05,4.0,4.78,True
2022-03-11 18:00:00,2022-03-12 01:00:00,2022,2022-03,BULL_FUERTE,55500.69,55011.09,SL,-3.94,-0.08,9519.11,7.0,5.16,True
2022-03-14 02:00:00,2022-03-14 02:00:00,2022,2022-03,BULL_FUERTE,57548.46,57159.45,SL,-32.17,-0.68,9486.93,0.0,4.28,False
2022-03-19 01:00:00,2022-03-19 02:00:00,2022,2022-03,BULL_FUERTE,58975.63,58267.84,SL,-19.13,-0.4,9467.8,1.0,9.62,True
2022-03-20 12:00:00,2022-03-20 12:00:00,2022,2022-03,BULL_FUERTE,60319.55,59915.9,SL,-31.68,-0.67,9436.12,0.0,10.49,False
2022-03-21 05:00:00,2022-03-21 08:00:00,2022,2022-03,BULL_FUERTE,60557.35,59969.22,SL,-8.14,-0.17,9427.98,3.0,3.97,True
2022-04-07 15:00:00,2022-04-07 16:00:00,2022,2022-04,BULL_FUERTE,48776.72,49653.96,TP2,56.55,1.2,9484.53,1.0,3.52,True
2022-04-08 18:00:00,2022-04-08 18:00:00,2022,2022-04,BULL_FUERTE,49404.35,48933.62,SL,-45.18,-0.95,9439.35,0.0,6.9,False
2022-04-10 02:00:00,2022-04-10 02:00:00,2022,2022-04,BULL_FUERTE,48881.71,48496.62,SL,-37.18,-0.79,9402.17,0.0,2.91,False
2022-04-12 00:00:00,2022-04-12 00:00:00,2022,2022-04,RECUPERACION,49187.25,48717.62,SL,-44.88,-0.95,9357.28,0.0,7.15,False
2022-04-12 09:00:00,2022-04-12 10:00:00,2022,2022-04,BULL_FUERTE,48784.9,49675.62,TP2,57.4,1.23,9414.68,1.0,5.9,True
2022-04-12 17:00:00,2022-04-12 17:00:00,2022,2022-04,RECUPERACION,48906.46,48232.65,SL,-64.86,-1.38,9349.83,0.0,3.96,False
2022-04-20 08:00:00,2022-04-20 09:00:00,2022,2022-04,BULL_FUERTE,48456.71,48002.33,SL,-6.49,-0.14,9343.34,1.0,8.46,True
2022-04-24 01:00:00,2022-04-24 01:00:00,2022,2022-04,BULL_FUERTE,50812.06,50172.39,SL,-58.81,-1.26,9284.52,0.0,5.84,False
2022-04-24 19:00:00,2022-04-24 19:00:00,2022,2022-04,BULL_FUERTE,51989.55,52646.8,TP2,31.03,0.67,9315.56,0.0,4.74,True
2022-04-26 20:00:00,2022-04-26 20:00:00,2022,2022-04,BULL_FUERTE,51189.18,50610.63,SL,-52.64,-1.13,9262.92,0.0,7.75,False
2022-05-15 02:00:00,2022-05-15 03:00:00,2022,2022-05,RECUPERACION,32262.56,32681.89,TP2,32.6,0.7,9295.51,1.0,8.42,True
2022-05-15 17:00:00,2022-05-15 17:00:00,2022,2022-05,RECUPERACION,31393.52,31995.42,TP2,61.25,1.32,9356.76,0.0,5.74,True
2022-05-17 10:00:00,2022-05-17 10:00:00,2022,2022-05,RECUPERACION,31505.57,31064.78,SL,-65.45,-1.4,9291.31,0.0,10.3,False
2022-05-18 20:00:00,2022-05-18 20:00:00,2022,2022-05,BULL_FUERTE,31731.35,31500.37,SL,-33.82,-0.73,9257.49,0.0,10.09,False
2022-06-14 06:00:00,2022-06-14 06:00:00,2022,2022-06,RECUPERACION,17859.81,17588.28,SL,-70.37,-1.52,9187.12,0.0,15.74,False
2022-06-15 04:00:00,2022-06-15 04:00:00,2022,2022-06,BULL_FUERTE,17705.02,17518.86,SL,-48.3,-1.05,9138.82,0.0,8.98,False
2022-06-18 06:00:00,2022-06-18 07:00:00,2022,2022-06,RECUPERACION,17585.1,17274.85,SL,-44.42,-0.97,9094.4,1.0,7.71,True
2022-06-24 22:00:00,2022-06-24 22:00:00,2022,2022-06,RECUPERACION,17001.12,16817.69,SL,-49.06,-1.08,9045.34,0.0,11.99,False
2022-06-25 22:00:00,2022-06-25 22:00:00,2022,2022-06,RECUPERACION,16048.65,15689.26,SL,-101.28,-2.24,8944.06,0.0,13.05,False
2022-06-29 22:00:00,2022-06-29 22:00:00,2022,2022-06,BULL_FUERTE,16505.43,16840.44,TP2,63.93,1.43,9007.99,0.0,9.42,True
2022-07-06 03:00:00,2022-07-06 03:00:00,2022,2022-07,BULL_FUERTE,24478.48,24134.45,SL,-63.3,-1.41,8944.69,0.0,12.24,False
2022-07-06 10:00:00,2022-07-06 10:00:00,2022,2022-07,BULL_FUERTE,25060.03,25543.36,TP2,59.44,1.33,9004.13,0.0,6.81,True
2022-07-30 17:00:00,2022-07-30 18:00:00,2022,2022-07,RECUPERACION,14896.17,14914.48,TP2,-20.98,-0.47,8983.15,1.0,5.3,True
2022-08-02 15:00:00,2022-08-02 20:00:00,2022,2022-08,BULL_FUERTE,18959.3,18718.88,SL,-21.19,-0.47,8961.96,5.0,8.36,True
2022-08-06 11:00:00,2022-08-06 12:00:00,2022,2022-08,BULL_FUERTE,17813.71,18126.25,TP2,51.8,1.16,9013.75,1.0,10.61,True
2022-08-06 19:00:00,2022-08-06 19:00:00,2022,2022-08,BULL_FUERTE,18714.75,18537.7,SL,-42.64,-0.95,8971.12,0.0,6.29,False
2022-08-07 03:00:00,2022-08-07 03:00:00,2022,2022-08,BULL_FUERTE,18848.91,18667.77,SL,-43.11,-0.96,8928.01,0.0,5.44,False
2022-08-10 15:00:00,2022-08-10 15:00:00,2022,2022-08,BULL_FUERTE,19066.01,19343.01,TP2,38.21,0.86,8966.22,0.0,6.15,True
2022-08-11 01:00:00,2022-08-11 01:00:00,2022,2022-08,RECUPERACION,18364.29,18227.59,SL,-33.37,-0.74,8932.85,0.0,4.89,False
2022-08-12 17:00:00,2022-08-12 19:00:00,2022,2022-08,BULL_FUERTE,18688.7,18931.69,TP2,31.46,0.7,8964.31,2.0,11.03,True
2022-08-16 04:00:00,2022-08-16 04:00:00,2022,2022-08,BULL_FUERTE,19978.81,19709.13,SL,-60.5,-1.35,8903.81,0.0,10.55,False
2022-08-16 12:00:00,2022-08-16 12:00:00,2022,2022-08,BULL_FUERTE,20292.4,20518.92,TP2,23.22,0.52,8927.03,0.0,6.95,True
2022-08-17 04:00:00,2022-08-17 04:00:00,2022,2022-08,BULL_FUERTE,20653.71,20449.53,SL,-44.13,-0.99,8882.9,0.0,4.84,False
2022-08-18 00:00:00,2022-08-18 02:00:00,2022,2022-08,BULL_FUERTE,20216.48,20543.97,TP2,45.4,1.02,8928.3,2.0,7.02,True
2022-08-18 13:00:00,2022-08-18 14:00:00,2022,2022-08,BULL_FUERTE,20490.1,20743.61,TP2,28.65,0.64,8956.95,1.0,4.56,True
2022-08-19 14:00:00,2022-08-19 15:00:00,2022,2022-08,BULL_FUERTE,20691.86,20524.99,SL,-36.12,-0.81,8920.83,1.0,5.46,False
2022-08-21 21:00:00,2022-08-21 22:00:00,2022,2022-08,BULL_FUERTE,20352.19,20057.32,SL,-29.17,-0.65,8891.66,1.0,9.73,True
2022-08-23 22:00:00,2022-08-23 22:00:00,2022,2022-08,BULL_FUERTE,22103.33,21966.49,SL,-27.52,-0.62,8864.13,0.0,8.99,False
2022-08-27 06:00:00,2022-08-27 06:00:00,2022,2022-08,BULL_FUERTE,21923.61,21506.63,SL,-84.3,-1.9,8779.84,0.0,3.81,False
2022-08-29 09:00:00,2022-08-29 09:00:00,2022,2022-08,BULL_FUERTE,21897.2,22148.99,TP2,24.36,0.55,8804.19,0.0,11.33,True
2022-09-18 16:00:00,2022-09-18 18:00:00,2022,2022-09,RECUPERACION,17682.34,17860.37,TP2,18.17,0.41,8822.36,2.0,5.69,True
2022-09-19 05:00:00,2022-09-19 09:00:00,2022,2022-09,RECUPERACION,17902.81,18127.19,TP2,29.01,0.66,8851.37,4.0,4.45,True
2022-09-19 17:00:00,2022-09-19 19:00:00,2022,2022-09,BULL_FUERTE,18165.17,18472.28,TP2,48.35,1.09,8899.72,2.0,6.53,True
2022-09-20 06:00:00,2022-09-20 07:00:00,2022,2022-09,BULL_FUERTE,18350.55,18584.32,TP2,30.18,0.68,8929.9,1.0,4.5,True
2022-09-21 07:00:00,2022-09-21 09:00:00,2022,2022-09,BULL_FUERTE,18267.52,18068.67,SL,-48.6,-1.09,8881.3,2.0,3.81,False
2022-10-04 22:00:00,2022-10-04 23:00:00,2022,2022-10,BULL_FUERTE,20261.19,19960.89,SL,-30.53,-0.69,8850.76,1.0,3.84,True
2022-10-06 05:00:00,2022-10-06 05:00:00,2022,2022-10,BULL_FUERTE,19369.46,19230.13,SL,-31.83,-0.72,8818.93,0.0,3.87,False
2022-10-08 17:00:00,2022-10-08 19:00:00,2022,2022-10,BULL_FUERTE,19760.0,20079.18,TP2,44.87,1.02,8863.8,2.0,5.9,True
2022-10-09 03:00:00,2022-10-09 04:00:00,2022,2022-10,BULL_FUERTE,20191.2,20473.55,TP2,35.54,0.8,8899.34,1.0,3.28,True
2022-10-09 12:00:00,2022-10-09 16:00:00,2022,2022-10,BULL_FUERTE,19961.56,19824.42,SL,5.07,0.11,8904.4,4.0,6.05,True
2022-10-13 21:00:00,2022-10-13 23:00:00,2022,2022-10,BULL_FUERTE,20092.22,19824.62,SL,-23.87,-0.54,8880.54,2.0,4.67,True
2022-10-23 23:00:00,2022-10-23 23:00:00,2022,2022-10,BULL_FUERTE,20817.11,21238.32,TP2,63.2,1.42,8943.73,0.0,3.83,True
2022-10-25 11:00:00,2022-10-25 14:00:00,2022,2022-10,BULL_FUERTE,21417.36,21262.15,SL,3.4,0.08,8947.13,3.0,9.45,True
2022-10-26 16:00:00,2022-10-26 16:00:00,2022,2022-10,BULL_FUERTE,21964.05,21778.24,SL,-37.85,-0.85,8909.28,0.0,4.77,False
2022-10-29 03:00:00,2022-10-29 03:00:00,2022,2022-10,BULL_FUERTE,21618.77,21489.18,SL,-26.7,-0.6,8882.58,0.0,8.38,False
2022-11-09 00:00:00,2022-11-09 00:00:00,2022,2022-11,RECUPERACION,19296.92,19335.32,TP2,-17.34,-0.39,8865.24,0.0,13.16,True
2022-11-22 13:00:00,2022-11-22 14:00:00,2022,2022-11,RECUPERACION,13766.39,13960.05,TP2,35.92,0.81,8901.15,1.0,11.57,True
2022-11-24 18:00:00,2022-11-24 18:00:00,2022,2022-11,BULL_FUERTE,16659.82,16519.37,SL,-37.52,-0.84,8863.63,0.0,11.89,False
2022-11-27 03:00:00,2022-11-27 04:00:00,2022,2022-11,RECUPERACION,15143.47,15425.73,TP2,56.05,1.26,8919.68,1.0,15.61,True
2022-11-29 00:00:00,2022-11-29 02:00:00,2022,2022-11,BULL_FUERTE,15322.77,15539.78,TP2,36.56,0.82,8956.24,2.0,14.16,True
2022-11-29 17:00:00,2022-11-29 17:00:00,2022,2022-11,BULL_FUERTE,16628.8,16771.28,TP2,11.8,0.26,8968.04,0.0,10.66,True
2022-11-30 18:00:00,2022-11-30 18:00:00,2022,2022-11,BULL_FUERTE,17049.66,17116.62,TP2,-8.87,-0.2,8959.17,0.0,12.9,True
2022-12-01 15:00:00,2022-12-01 18:00:00,2022,2022-12,BULL_FUERTE,15917.0,16252.12,TP2,67.41,1.5,9026.58,3.0,6.37,True
2022-12-02 06:00:00,2022-12-02 07:00:00,2022,2022-12,RECUPERACION,16378.34,16573.06,TP2,26.79,0.59,9053.37,1.0,7.08,True
2022-12-08 05:00:00,2022-12-08 05:00:00,2022,2022-12,BULL_FUERTE,15709.68,15456.22,SL,-73.03,-1.61,8980.34,0.0,6.06,False
2022-12-09 10:00:00,2022-12-09 10:00:00,2022,2022-12,BULL_FUERTE,15548.65,15406.14,SL,-41.16,-0.92,8939.18,0.0,5.27,False
2022-12-11 21:00:00,2022-12-11 21:00:00,2022,2022-12,BULL_FUERTE,15620.54,15782.77,TP2,19.86,0.44,8959.04,0.0,8.5,True
2022-12-13 19:00:00,2022-12-13 19:00:00,2022,2022-12,BULL_FUERTE,16890.96,16802.2,SL,-23.54,-0.53,8935.5,0.0,11.7,False
2022-12-26 17:00:00,2022-12-26 18:00:00,2022,2022-12,BULL_FUERTE,15711.69,15468.84,SL,-33.58,-0.75,8901.92,1.0,3.87,True
2022-12-28 06:00:00,2022-12-28 06:00:00,2022,2022-12,BULL_FUERTE,15618.67,15880.64,TP2,48.03,1.08,8949.95,0.0,11.42,True
2022-12-29 00:00:00,2022-12-29 02:00:00,2022,2022-12,BULL_FUERTE,15951.95,16297.3,TP2,69.99,1.56,9019.94,2.0,5.68,True
2022-12-30 11:00:00,2022-12-30 12:00:00,2022,2022-12,BULL_FUERTE,16751.61,16584.6,SL,-8.96,-0.2,9010.98,1.0,13.49,True
2022-12-31 14:00:00,2022-12-31 21:00:00,2022,2022-12,RECUPERACION,16040.32,16339.5,TP2,57.04,1.27,9068.02,7.0,6.54,True
2023-01-01 20:00:00,2023-01-01 21:00:00,2023,2023-01,BULL_FUERTE,22161.7,21905.67,SL,-16.24,-0.36,9051.78,1.0,3.77,True
2023-01-06 02:00:00,2023-01-06 03:00:00,2023,2023-01,BULL_FUERTE,21645.15,21365.87,SL,-22.37,-0.49,9029.41,1.0,5.52,True
2023-01-09 06:00:00,2023-01-09 07:00:00,2023,2023-01,BULL_FUERTE,20181.17,20532.29,TP2,51.53,1.14,9080.94,1.0,4.3,True
2023-01-09 16:00:00,2023-01-09 17:00:00,2023,2023-01,BULL_FUERTE,21515.15,21865.04,TP2,46.7,1.03,9127.64,1.0,6.53,True
2023-01-22 10:00:00,2023-01-22 10:00:00,2023,2023-01,BULL_FUERTE,21403.94,21247.5,SL,-33.36,-0.73,9094.28,0.0,6.87,False
2023-01-23 20:00:00,2023-01-23 20:00:00,2023,2023-01,BULL_FUERTE,21452.58,21804.75,TP2,47.46,1.04,9141.74,0.0,10.29,True
2023-01-24 03:00:00,2023-01-24 08:00:00,2023,2023-01,BULL_FUERTE,21689.47,21442.15,SL,-15.68,-0.34,9126.06,5.0,3.67,True
2023-01-24 17:00:00,2023-01-24 17:00:00,2023,2023-01,BULL_FUERTE,21466.38,21292.3,SL,-37.0,-0.81,9089.06,0.0,3.45,False
2023-01-27 02:00:00,2023-01-27 03:00:00,2023,2023-01,BULL_FUERTE,22047.51,21652.89,SL,-81.34,-1.79,9007.72,1.0,3.89,False
2023-01-27 21:00:00,2023-01-27 21:00:00,2023,2023-01,BULL_FUERTE,21772.94,21618.13,SL,-32.02,-0.71,8975.7,0.0,5.13,False
2023-01-28 06:00:00,2023-01-28 09:00:00,2023,2023-01,RECUPERACION,21636.34,21331.51,SL,-27.55,-0.61,8948.15,3.0,3.16,True
2023-02-01 23:00:00,2023-02-02 03:00:00,2023,2023-02,BULL_FUERTE,23411.34,22979.63,SL,-47.09,-1.05,8901.06,4.0,6.63,True
2023-02-03 09:00:00,2023-02-03 10:00:00,2023,2023-02,BULL_FUERTE,22644.69,22312.28,SL,-65.33,-1.47,8835.73,1.0,3.29,False
2023-02-08 04:00:00,2023-02-08 05:00:00,2023,2023-02,BULL_FUERTE,25572.31,25871.51,TP2,25.4,0.57,8861.13,1.0,4.56,True
2023-02-09 23:00:00,2023-02-09 23:00:00,2023,2023-02,RECUPERACION,24799.49,24520.8,SL,-49.79,-1.12,8811.34,0.0,2.11,False
2023-02-11 09:00:00,2023-02-11 09:00:00,2023,2023-02,BULL_FUERTE,25131.17,24957.32,SL,-30.48,-0.69,8780.86,0.0,10.57,False
2023-02-12 05:00:00,2023-02-12 07:00:00,2023,2023-02,BULL_FUERTE,24987.31,24802.48,SL,2.67,0.06,8783.53,2.0,3.36,True
2023-02-19 07:00:00,2023-02-19 07:00:00,2023,2023-02,BULL_FUERTE,26007.16,26385.55,TP2,37.69,0.86,8821.22,0.0,2.92,True
2023-02-21 01:00:00,2023-02-21 11:00:00,2023,2023-02,BULL_FUERTE,27308.44,27689.9,TP2,35.3,0.8,8856.52,10.0,7.43,True
2023-02-22 15:00:00,2023-02-22 17:00:00,2023,2023-02,BULL_FUERTE,27851.55,27524.38,SL,-16.73,-0.38,8839.79,2.0,6.24,True
2023-02-24 00:00:00,2023-02-24 03:00:00,2023,2023-02,BULL_FUERTE,27922.01,28424.08,TP2,53.01,1.2,8892.8,3.0,8.79,True
2023-03-01 13:00:00,2023-03-01 14:00:00,2023,2023-03,BULL_FUERTE,28531.41,28876.7,TP2,27.34,0.61,8920.14,1.0,4.77,True
2023-03-03 17:00:00,2023-03-03 17:00:00,2023,2023-03,BULL_FUERTE,32131.54,31693.53,SL,-60.8,-1.36,8859.34,0.0,4.84,False
2023-03-05 13:00:00,2023-03-05 13:00:00,2023,2023-03,BULL_FUERTE,32631.8,32455.51,SL,-23.93,-0.54,8835.41,0.0,10.05,False
2023-03-05 20:00:00,2023-03-05 22:00:00,2023,2023-03,BULL_FUERTE,33659.79,34295.7,TP2,56.98,1.29,8892.39,2.0,6.73,True
2023-03-08 07:00:00,2023-03-08 08:00:00,2023,2023-03,BULL_FUERTE,33130.17,33801.97,TP2,63.47,1.43,8955.87,1.0,6.36,True
2023-03-08 20:00:00,2023-03-08 20:00:00,2023,2023-03,BULL_FUERTE,34099.85,33808.03,SL,-38.32,-0.86,8917.55,0.0,5.33,False
2023-03-09 07:00:00,2023-03-09 07:00:00,2023,2023-03,BULL_FUERTE,34534.24,34313.84,SL,-28.46,-0.64,8889.09,0.0,5.75,False
2023-03-14 14:00:00,2023-03-14 17:00:00,2023,2023-03,BULL_FUERTE,33983.1,33744.09,SL,4.33,0.1,8893.42,3.0,6.18,True
2023-03-15 17:00:00,2023-03-15 18:00:00,2023,2023-03,BULL_FUERTE,33490.86,34164.38,TP2,62.74,1.41,8956.17,1.0,3.75,True
2023-03-16 15:00:00,2023-03-16 15:00:00,2023,2023-03,BULL_FUERTE,33829.76,34464.42,TP2,57.17,1.28,9013.34,0.0,8.57,True
2023-03-18 10:00:00,2023-03-18 11:00:00,2023,2023-03,BULL_FUERTE,34585.0,34019.48,SL,-73.69,-1.64,8939.65,1.0,7.16,False
2023-03-24 06:00:00,2023-03-24 09:00:00,2023,2023-03,RECUPERACION,33021.99,32540.41,SL,-29.66,-0.66,8909.98,3.0,3.39,True
2023-03-26 08:00:00,2023-03-26 09:00:00,2023,2023-03,BULL_FUERTE,32142.82,32742.53,TP2,56.43,1.27,8966.41,1.0,8.39,True
2023-03-27 08:00:00,2023-03-27 11:00:00,2023,2023-03,BULL_FUERTE,32494.86,32173.4,SL,-8.55,-0.19,8957.86,3.0,3.46,True
2023-03-29 05:00:00,2023-03-29 07:00:00,2023,2023-03,BULL_FUERTE,32238.06,32594.1,TP2,22.83,0.51,8980.68,2.0,5.13,True
2023-04-02 09:00:00,2023-04-02 09:00:00,2023,2023-04,RECUPERACION,32031.36,31767.68,SL,-36.96,-0.82,8943.72,0.0,3.92,False
2023-04-03 16:00:00,2023-04-03 17:00:00,2023,2023-04,BULL_FUERTE,32364.3,32906.51,TP2,48.17,1.08,8991.89,1.0,3.68,True
2023-04-04 11:00:00,2023-04-04 12:00:00,2023,2023-04,BULL_FUERTE,31847.75,31471.29,SL,-17.32,-0.39,8974.57,1.0,13.38,True
2023-04-24 03:00:00,2023-04-24 04:00:00,2023,2023-04,BULL_FUERTE,25906.82,25656.88,SL,-7.45,-0.17,8967.12,1.0,11.78,True
2023-04-28 06:00:00,2023-04-28 08:00:00,2023,2023-04,BULL_FUERTE,26612.77,26311.21,SL,-50.8,-1.13,8916.32,2.0,5.58,False
2023-04-28 15:00:00,2023-04-28 21:00:00,2023,2023-04,BULL_FUERTE,26259.64,26668.24,TP2,42.74,0.96,8959.06,6.0,4.8,True
2023-04-29 13:00:00,2023-04-29 14:00:00,2023,2023-04,BULL_FUERTE,26500.62,26186.94,SL,-53.02,-1.18,8906.03,1.0,3.99,False
2023-04-30 15:00:00,2023-04-30 15:00:00,2023,2023-04,BULL_FUERTE,26332.72,26126.19,SL,-34.93,-0.78,8871.11,0.0,2.51,False
2023-05-01 04:00:00,2023-05-01 04:00:00,2023,2023-05,BULL_FUERTE,26357.69,26169.88,SL,-31.61,-0.71,8839.5,0.0,5.51,False
2023-05-02 21:00:00,2023-05-02 21:00:00,2023,2023-05,BULL_FUERTE,26998.39,27368.82,TP2,34.29,0.78,8873.79,0.0,8.45,True
2023-05-06 18:00:00,2023-05-06 21:00:00,2023,2023-05,BULL_FUERTE,27983.43,27629.32,SL,-20.82,-0.47,8852.97,3.0,8.42,True
2023-05-08 03:00:00,2023-05-08 07:00:00,2023,2023-05,BULL_FUERTE,28713.43,28350.04,SL,-20.78,-0.47,8832.19,4.0,4.33,True
2023-05-13 23:00:00,2023-05-14 01:00:00,2023,2023-05,BULL_FUERTE,28000.75,28503.54,TP2,52.85,1.2,8885.05,2.0,7.72,True
2023-05-14 09:00:00,2023-05-14 20:00:00,2023,2023-05,BULL_FUERTE,28787.77,28564.21,SL,1.05,0.02,8886.1,11.0,5.79,True
2023-05-15 04:00:00,2023-05-15 15:00:00,2023,2023-05,BULL_FUERTE,28478.33,29033.93,TP2,60.04,1.35,8946.13,11.0,4.94,True
2023-05-16 03:00:00,2023-05-16 05:00:00,2023,2023-05,BULL_FUERTE,28358.85,28158.49,SL,4.22,0.09,8950.35,2.0,5.55,True
2023-05-16 14:00:00,2023-05-16 14:00:00,2023,2023-05,BULL_FUERTE,28701.89,28436.52,SL,-41.38,-0.92,8908.97,0.0,5.6,False
2023-05-17 05:00:00,2023-05-17 07:00:00,2023,2023-05,RECUPERACION,28339.85,28935.23,TP2,66.83,1.5,8975.8,2.0,4.22,True
2023-05-20 17:00:00,2023-05-20 17:00:00,2023,2023-05,BULL_FUERTE,33630.67,33377.93,SL,-33.73,-0.75,8942.07,0.0,9.53,False
2023-05-21 09:00:00,2023-05-21 12:00:00,2023,2023-05,BULL_FUERTE,33545.51,33179.88,SL,-13.07,-0.29,8929.0,3.0,5.12,True
2023-05-23 07:00:00,2023-05-23 07:00:00,2023,2023-05,BULL_FUERTE,34315.91,33892.34,SL,-55.11,-1.23,8873.9,0.0,9.19,False
2023-05-24 04:00:00,2023-05-24 06:00:00,2023,2023-05,BULL_FUERTE,35225.25,34983.81,SL,5.12,0.12,8879.02,2.0,5.06,True
2023-05-28 07:00:00,2023-05-28 08:00:00,2023,2023-05,BULL_FUERTE,34957.58,35394.14,TP2,29.0,0.65,8908.02,1.0,6.53,True
2023-05-29 17:00:00,2023-05-29 17:00:00,2023,2023-05,BULL_FUERTE,37081.09,37619.35,TP2,38.07,0.85,8946.1,0.0,6.84,True
2023-05-31 17:00:00,2023-05-31 23:00:00,2023,2023-05,BULL_FUERTE,40209.22,39935.66,SL,5.4,0.12,8951.49,6.0,4.95,True
2023-06-28 15:00:00,2023-06-28 16:00:00,2023,2023-06,BULL_FUERTE,25101.39,25659.99,TP2,72.69,1.62,9024.18,1.0,9.83,True
2023-07-03 02:00:00,2023-07-03 06:00:00,2023,2023-07,BULL_FUERTE,26868.01,27204.27,TP2,29.6,0.66,9053.78,4.0,17.91,True
2023-07-05 15:00:00,2023-07-05 15:00:00,2023,2023-07,BULL_FUERTE,30738.92,30506.4,SL,-34.24,-0.76,9019.53,0.0,4.1,False
2023-07-08 12:00:00,2023-07-08 15:00:00,2023,2023-07,RECUPERACION,29741.18,29380.44,SL,-18.77,-0.42,9000.76,3.0,5.63,True
2023-07-09 02:00:00,2023-07-10 03:00:00,2023,2023-07,RECUPERACION,29739.27,29390.91,SL,-16.85,-0.37,8983.91,25.0,4.28,True
2023-07-13 14:00:00,2023-07-13 14:00:00,2023,2023-07,RECUPERACION,29982.08,29556.45,SL,-63.77,-1.42,8920.14,0.0,2.31,False
2023-07-14 20:00:00,2023-07-14 20:00:00,2023,2023-07,BULL_FUERTE,30551.83,30348.89,SL,-29.63,-0.66,8890.52,0.0,6.57,False
2023-07-15 07:00:00,2023-07-15 07:00:00,2023,2023-07,BULL_FUERTE,30744.14,30316.08,SL,-61.89,-1.39,8828.63,0.0,2.72,False
2023-07-16 06:00:00,2023-07-16 11:00:00,2023,2023-07,BULL_FUERTE,30914.26,31450.63,TP2,50.17,1.14,8878.8,5.0,6.3,True
2023-07-17 00:00:00,2023-07-17 01:00:00,2023,2023-07,BULL_FUERTE,31141.16,31698.81,TP2,52.92,1.19,8931.71,1.0,2.98,True
2023-07-18 12:00:00,2023-07-18 12:00:00,2023,2023-07,BULL_FUERTE,31308.73,31009.22,SL,-42.72,-0.96,8888.99,0.0,7.84,False
2023-07-31 12:00:00,2023-07-31 12:00:00,2023,2023-07,RECUPERACION,27896.86,27454.98,SL,-70.4,-1.58,8818.59,0.0,5.87,False
2023-08-09 11:00:00,2023-08-09 11:00:00,2023,2023-08,RECUPERACION,25306.38,25793.28,TP2,58.4,1.32,8876.99,0.0,10.46,True
2023-08-10 11:00:00,2023-08-10 11:00:00,2023,2023-08,BULL_FUERTE,25472.79,25274.1,SL,-34.62,-0.78,8842.37,0.0,4.5,False
2023-08-11 03:00:00,2023-08-11 06:00:00,2023,2023-08,BULL_FUERTE,26157.02,26615.54,TP2,51.04,1.15,8893.41,3.0,5.84,True
2023-08-11 23:00:00,2023-08-12 01:00:00,2023,2023-08,BULL_FUERTE,26902.19,26693.31,SL,1.06,0.02,8894.47,2.0,4.03,True
2023-08-12 10:00:00,2023-08-12 12:00:00,2023,2023-08,BULL_FUERTE,26971.24,26756.43,SL,0.16,0.0,8894.62,2.0,3.35,True
2023-08-13 18:00:00,2023-08-13 19:00:00,2023,2023-08,BULL_FUERTE,26831.11,26520.67,SL,-51.46,-1.16,8843.17,1.0,1.29,False
2023-08-14 05:00:00,2023-08-14 06:00:00,2023,2023-08,BULL_FUERTE,26246.73,25881.64,SL,-61.5,-1.39,8781.66,1.0,7.42,False
2023-08-18 13:00:00,2023-08-18 13:00:00,2023,2023-08,BULL_FUERTE,27047.41,26811.23,SL,-38.34,-0.87,8743.32,0.0,3.07,False
2023-08-19 06:00:00,2023-08-19 06:00:00,2023,2023-08,BULL_FUERTE,27311.88,26911.28,SL,-64.12,-1.47,8679.2,0.0,3.58,False
2023-08-24 04:00:00,2023-08-24 06:00:00,2023,2023-08,BULL_FUERTE,28186.89,28572.4,TP2,33.48,0.77,8712.68,2.0,11.96,True
2023-08-25 09:00:00,2023-08-25 12:00:00,2023,2023-08,BULL_FUERTE,28532.93,28353.71,SL,7.55,0.17,8720.23,3.0,6.0,True
2023-08-26 00:00:00,2023-08-26 00:00:00,2023,2023-08,BULL_FUERTE,29522.98,29093.84,SL,-63.38,-1.45,8656.85,0.0,7.61,False
2023-08-27 15:00:00,2023-08-27 18:00:00,2023,2023-08,BULL_FUERTE,28456.5,28902.83,TP2,42.03,0.97,8698.88,3.0,3.53,True
2023-08-30 18:00:00,2023-08-30 18:00:00,2023,2023-08,RECUPERACION,28115.29,27914.47,SL,-31.07,-0.71,8667.81,0.0,4.85,False
2023-08-31 01:00:00,2023-08-31 07:00:00,2023,2023-08,BULL_FUERTE,28066.65,28480.2,TP2,37.99,0.88,8705.8,6.0,8.01,True
2023-09-02 04:00:00,2023-09-02 04:00:00,2023,2023-09,BULL_FUERTE,28469.63,28142.99,SL,-49.94,-1.15,8655.86,0.0,4.68,False
2023-09-04 15:00:00,2023-09-04 17:00:00,2023,2023-09,BULL_FUERTE,29486.95,29994.03,TP2,48.53,1.12,8704.39,2.0,3.82,True
2023-09-05 07:00:00,2023-09-05 07:00:00,2023,2023-09,BULL_FUERTE,29940.02,30564.61,TP2,64.66,1.49,8769.04,0.0,5.77,True
2023-09-08 12:00:00,2023-09-08 12:00:00,2023,2023-09,BULL_FUERTE,32036.29,31642.69,SL,-53.87,-1.23,8715.18,0.0,2.7,False
2023-09-11 17:00:00,2023-09-12 01:00:00,2023,2023-09,BULL_FUERTE,33865.81,34339.07,TP2,34.9,0.8,8750.08,8.0,1.54,True
2023-09-12 11:00:00,2023-09-12 12:00:00,2023,2023-09,BULL_FUERTE,34358.71,33917.85,SL,-21.31,-0.49,8728.77,1.0,4.1,True
2023-09-13 04:00:00,2023-09-13 10:00:00,2023,2023-09,BULL_FUERTE,34334.7,35014.19,TP2,60.19,1.38,8788.96,6.0,3.26,True
2023-09-13 19:00:00,2023-09-13 19:00:00,2023,2023-09,BULL_FUERTE,34487.05,34126.02,SL,-46.0,-1.05,8742.96,0.0,3.02,False
2023-09-15 23:00:00,2023-09-16 00:00:00,2023,2023-09,RECUPERACION,33856.0,34336.28,TP2,35.93,0.82,8778.89,1.0,2.6,True
2023-09-16 20:00:00,2023-09-16 22:00:00,2023,2023-09,RECUPERACION,33905.08,33608.51,SL,-3.31,-0.08,8775.59,2.0,2.15,True
2023-09-17 11:00:00,2023-09-17 11:00:00,2023,2023-09,BULL_FUERTE,34073.82,33722.05,SL,-45.3,-1.03,8730.29,0.0,4.7,False
2023-09-18 17:00:00,2023-09-18 19:00:00,2023,2023-09,BULL_FUERTE,33748.28,34339.53,TP2,50.35,1.15,8780.64,2.0,6.7,True
2023-09-19 03:00:00,2023-09-19 03:00:00,2023,2023-09,BULL_FUERTE,34558.13,34233.34,SL,-41.26,-0.94,8739.38,0.0,2.93,False
2023-09-19 11:00:00,2023-09-19 11:00:00,2023,2023-09,BULL_FUERTE,34247.95,33851.18,SL,-50.62,-1.16,8688.75,0.0,2.99,False
2023-09-23 01:00:00,2023-09-23 02:00:00,2023,2023-09,BULL_FUERTE,35529.08,35133.7,SL,-48.35,-1.11,8640.41,1.0,9.0,False
2023-09-24 11:00:00,2023-09-24 12:00:00,2023,2023-09,BULL_FUERTE,36693.34,36313.82,SL,-44.68,-1.03,8595.72,1.0,5.68,False
2023-09-24 19:00:00,2023-09-24 20:00:00,2023,2023-09,BULL_FUERTE,35450.6,36178.38,TP2,62.43,1.45,8658.15,1.0,7.26,True
2023-09-26 15:00:00,2023-09-26 17:00:00,2023,2023-09,BULL_FUERTE,38747.86,38308.03,SL,-14.62,-0.34,8643.53,2.0,2.56,True
2023-09-28 20:00:00,2023-09-28 23:00:00,2023,2023-09,BULL_FUERTE,38473.81,39050.71,TP2,39.0,0.9,8682.53,3.0,3.89,True
2023-09-29 12:00:00,2023-09-29 13:00:00,2023,2023-09,BULL_FUERTE,38734.05,38335.18,SL,-44.71,-1.03,8637.83,1.0,3.76,False
2023-10-23 17:00:00,2023-10-23 17:00:00,2023,2023-10,RECUPERACION,26417.1,25905.8,SL,-83.59,-1.94,8554.23,0.0,6.34,False
2023-11-03 14:00:00,2023-11-03 19:00:00,2023,2023-11,BULL_FUERTE,39234.7,39829.19,TP2,39.27,0.92,8593.5,5.0,5.61,True
2023-11-06 19:00:00,2023-11-06 19:00:00,2023,2023-11,BULL_FUERTE,40649.49,40027.96,SL,-65.7,-1.53,8527.8,0.0,9.54,False
2023-11-08 01:00:00,2023-11-08 01:00:00,2023,2023-11,RECUPERACION,37164.82,36880.59,SL,-32.61,-0.76,8495.19,0.0,6.21,False
2023-11-08 17:00:00,2023-11-08 21:00:00,2023,2023-11,RECUPERACION,37070.2,36581.97,SL,-22.14,-0.52,8473.06,4.0,2.81,True
2023-11-13 05:00:00,2023-11-13 06:00:00,2023,2023-11,RECUPERACION,36870.16,37421.01,TP2,38.0,0.9,8511.06,1.0,3.55,True
2023-11-13 23:00:00,2023-11-14 00:00:00,2023,2023-11,RECUPERACION,36366.28,36090.24,SL,-32.3,-0.76,8478.75,1.0,3.34,False
2023-11-14 12:00:00,2023-11-14 15:00:00,2023,2023-11,RECUPERACION,35986.68,35356.02,SL,-40.7,-0.96,8438.05,3.0,7.85,True
2023-11-16 19:00:00,2023-11-16 22:00:00,2023,2023-11,BULL_FUERTE,36171.34,36789.83,TP2,46.9,1.11,8484.95,3.0,4.24,True
2023-11-17 17:00:00,2023-11-17 17:00:00,2023,2023-11,BULL_FUERTE,36336.41,36790.63,TP2,27.76,0.65,8512.71,0.0,9.65,True
2023-11-18 03:00:00,2023-11-18 03:00:00,2023,2023-11,BULL_FUERTE,36558.23,37190.1,TP2,48.1,1.13,8560.81,0.0,7.59,True
2023-11-19 19:00:00,2023-11-19 20:00:00,2023,2023-11,BULL_FUERTE,37126.23,36815.19,SL,-1.63,-0.04,8559.18,1.0,11.49,True
2023-11-23 15:00:00,2023-11-23 16:00:00,2023,2023-11,BULL_FUERTE,38109.95,37818.56,SL,-32.72,-0.76,8526.46,1.0,6.39,False
2023-11-25 12:00:00,2023-11-25 13:00:00,2023,2023-11,BULL_FUERTE,40407.63,39930.7,SL,-16.34,-0.38,8510.11,1.0,6.59,True
2023-11-26 12:00:00,2023-11-26 12:00:00,2023,2023-11,BULL_FUERTE,40688.87,41283.33,TP2,36.77,0.86,8546.88,0.0,4.86,True
2023-11-28 09:00:00,2023-11-28 09:00:00,2023,2023-11,BULL_FUERTE,40006.06,40627.34,TP2,40.84,0.96,8587.72,0.0,7.91,True
2023-11-29 19:00:00,2023-11-29 22:00:00,2023,2023-11,BULL_FUERTE,41073.89,40620.52,SL,-13.15,-0.31,8574.57,3.0,11.83,True
2023-12-02 05:00:00,2023-12-02 10:00:00,2023,2023-12,BULL_FUERTE,44001.18,43691.8,SL,-30.14,-0.7,8544.43,5.0,5.08,False
2023-12-04 13:00:00,2023-12-04 13:00:00,2023,2023-12,BULL_FUERTE,44898.86,44410.76,SL,-46.44,-1.09,8497.98,0.0,12.46,False
2023-12-08 00:00:00,2023-12-08 00:00:00,2023,2023-12,BULL_FUERTE,47629.09,47226.58,SL,-35.91,-0.85,8462.08,0.0,16.53,False
2023-12-10 07:00:00,2023-12-10 08:00:00,2023,2023-12,BULL_FUERTE,51966.43,51609.27,SL,-29.08,-0.69,8433.0,1.0,8.54,False
2023-12-14 20:00:00,2023-12-14 22:00:00,2023,2023-12,BULL_FUERTE,56778.62,57626.01,TP2,37.76,0.9,8470.75,2.0,8.45,True
2023-12-15 08:00:00,2023-12-15 09:00:00,2023,2023-12,BULL_FUERTE,57766.62,56987.07,SL,-23.46,-0.55,8447.29,1.0,3.54,True
2023-12-31 06:00:00,2023-12-31 06:00:00,2023,2023-12,RECUPERACION,44854.45,45472.95,TP2,33.05,0.78,8480.34,0.0,8.65,True
2024-01-05 10:00:00,2024-01-05 10:00:00,2024,2024-01,BULL_FUERTE,46633.56,47258.56,TP2,31.55,0.74,8511.9,0.0,10.65,True
2024-01-06 05:00:00,2024-01-06 05:00:00,2024,2024-01,BULL_FUERTE,45260.38,45742.41,TP2,20.02,0.47,8531.92,0.0,14.96,True
2024-01-07 13:00:00,2024-01-07 13:00:00,2024,2024-01,BULL_FUERTE,46547.09,46987.77,TP2,15.06,0.35,8546.98,0.0,7.4,True
2024-01-09 03:00:00,2024-01-09 04:00:00,2024,2024-01,BULL_FUERTE,46536.33,46133.39,SL,-37.0,-0.87,8509.97,1.0,3.55,False
2024-01-15 09:00:00,2024-01-15 09:00:00,2024,2024-01,BULL_FUERTE,50871.29,50167.38,SL,-58.88,-1.38,8451.1,0.0,7.38,False
2024-01-17 00:00:00,2024-01-17 01:00:00,2024,2024-01,BULL_FUERTE,52214.02,53225.2,TP2,56.49,1.34,8507.59,1.0,8.63,True
2024-01-18 02:00:00,2024-01-18 03:00:00,2024,2024-01,BULL_FUERTE,54178.9,53642.72,SL,-42.1,-0.99,8465.5,1.0,3.68,False
2024-01-18 10:00:00,2024-01-18 10:00:00,2024,2024-01,BULL_FUERTE,52590.01,53460.17,TP2,44.72,1.06,8510.22,0.0,6.59,True
2024-01-19 00:00:00,2024-01-19 01:00:00,2024,2024-01,BULL_FUERTE,53009.49,52414.88,SL,-13.8,-0.32,8496.42,1.0,5.55,True
2024-01-19 19:00:00,2024-01-19 20:00:00,2024,2024-01,BULL_FUERTE,53848.19,54680.6,TP2,40.3,0.95,8536.72,1.0,9.48,True
2024-01-20 19:00:00,2024-01-20 21:00:00,2024,2024-01,BULL_FUERTE,53343.32,54415.3,TP2,60.16,1.41,8596.88,2.0,8.27,True
2024-01-23 04:00:00,2024-01-23 05:00:00,2024,2024-01,BULL_FUERTE,63327.2,64382.91,TP2,45.95,1.07,8642.83,1.0,8.38,True
2024-01-27 01:00:00,2024-01-27 01:00:00,2024,2024-01,BULL_FUERTE,64997.88,65839.5,TP2,30.21,0.7,8673.04,0.0,8.25,True
2024-01-28 01:00:00,2024-01-28 01:00:00,2024,2024-01,RECUPERACION,62423.84,63497.27,TP2,48.62,1.12,8721.66,0.0,5.2,True
2024-01-28 12:00:00,2024-01-28 13:00:00,2024,2024-01,RECUPERACION,63414.49,64168.41,TP2,25.89,0.59,8747.55,1.0,3.29,True
2024-02-04 05:00:00,2024-02-04 10:00:00,2024,2024-02,RECUPERACION,59107.89,58358.7,SL,-20.61,-0.47,8726.94,5.0,10.67,True
2024-02-08 11:00:00,2024-02-08 16:00:00,2024,2024-02,BULL_FUERTE,61240.53,60160.78,SL,-42.36,-0.97,8684.57,5.0,13.09,True
2024-02-13 08:00:00,2024-02-13 08:00:00,2024,2024-02,BULL_FUERTE,68100.09,69279.37,TP2,49.21,1.13,8733.78,0.0,5.36,True
2024-02-18 18:00:00,2024-02-18 18:00:00,2024,2024-02,BULL_FUERTE,78178.56,79240.71,TP2,33.29,0.76,8767.07,0.0,11.41,True
2024-02-23 14:00:00,2024-02-23 15:00:00,2024,2024-02,BULL_FUERTE,82167.94,81519.78,SL,0.49,0.01,8767.57,1.0,4.25,True
2024-02-23 23:00:00,2024-02-23 23:00:00,2024,2024-02,BULL_FUERTE,80863.13,80307.68,SL,-30.11,-0.69,8737.45,0.0,5.62,False
2024-02-24 22:00:00,2024-02-24 22:00:00,2024,2024-02,BULL_FUERTE,82667.34,81670.94,SL,-52.66,-1.21,8684.8,0.0,10.14,False
2024-02-26 07:00:00,2024-02-26 07:00:00,2024,2024-02,BULL_FUERTE,83177.4,82008.57,SL,-61.02,-1.41,8623.78,0.0,6.3,False
2024-02-28 05:00:00,2024-02-28 08:00:00,2024,2024-02,BULL_FUERTE,83427.63,85106.68,TP2,60.91,1.41,8684.68,3.0,8.57,True
2024-03-07 16:00:00,2024-03-07 17:00:00,2024,2024-03,RECUPERACION,72447.94,71730.97,SL,-42.97,-0.99,8641.71,1.0,8.57,False
2024-03-10 12:00:00,2024-03-10 12:00:00,2024,2024-03,BULL_FUERTE,78031.06,78658.75,TP2,9.14,0.21,8650.85,0.0,9.4,True
2024-03-17 11:00:00,2024-03-17 11:00:00,2024,2024-03,BULL_FUERTE,78784.72,80038.04,TP2,42.96,0.99,8693.81,0.0,10.49,True
2024-03-19 05:00:00,2024-03-19 05:00:00,2024,2024-03,BULL_FUERTE,82235.02,81357.96,SL,-46.36,-1.07,8647.45,0.0,12.95,False
2024-03-20 18:00:00,2024-03-20 18:00:00,2024,2024-03,BULL_FUERTE,80525.12,81079.58,TP2,4.16,0.1,8651.61,0.0,17.03,True
2024-03-23 01:00:00,2024-03-23 01:00:00,2024,2024-03,BULL_FUERTE,85169.58,86553.0,TP2,44.41,1.03,8696.01,0.0,5.99,True
2024-03-24 06:00:00,2024-03-24 06:00:00,2024,2024-03,BULL_FUERTE,88673.0,87690.28,SL,-48.19,-1.11,8647.83,0.0,5.82,False
2024-03-25 06:00:00,2024-03-25 07:00:00,2024,2024-03,BULL_FUERTE,86757.4,88078.49,TP2,40.02,0.93,8687.85,1.0,6.71,True
2024-03-28 19:00:00,2024-03-28 19:00:00,2024,2024-03,BULL_FUERTE,89198.21,90434.4,TP2,34.3,0.79,8722.14,0.0,21.82,True
2024-04-16 17:00:00,2024-04-16 18:00:00,2024,2024-04,RECUPERACION,58007.7,58651.82,TP2,22.49,0.52,8744.63,1.0,4.06,True
2024-04-18 23:00:00,2024-04-19 00:00:00,2024,2024-04,BULL_FUERTE,63073.18,62311.69,SL,-52.79,-1.21,8691.84,1.0,8.76,False
2024-04-25 08:00:00,2024-04-25 12:00:00,2024,2024-04,BULL_FUERTE,66591.86,67669.2,TP2,44.33,1.02,8736.17,4.0,3.04,True
2024-04-27 09:00:00,2024-04-27 09:00:00,2024,2024-04,RECUPERACION,65024.95,64404.55,SL,-41.68,-0.95,8694.5,0.0,6.82,False
2024-05-06 05:00:00,2024-05-06 06:00:00,2024,2024-05,RECUPERACION,62217.83,62985.78,TP2,27.77,0.64,8722.27,1.0,7.5,True
2024-05-10 09:00:00,2024-05-10 09:00:00,2024,2024-05,BULL_FUERTE,63815.63,64903.28,TP2,48.24,1.11,8770.51,0.0,4.87,True
2024-05-13 02:00:00,2024-05-13 02:00:00,2024,2024-05,BULL_FUERTE,64179.81,63567.81,SL,-41.82,-0.95,8728.69,0.0,2.89,False
2024-05-14 04:00:00,2024-05-14 05:00:00,2024,2024-05,BULL_FUERTE,64629.11,65669.46,TP2,44.17,1.01,8772.86,1.0,7.54,True
2024-05-17 12:00:00,2024-05-17 14:00:00,2024,2024-05,BULL_FUERTE,74754.69,74054.49,SL,-41.09,-0.94,8731.77,2.0,8.5,False
2024-05-18 08:00:00,2024-05-18 09:00:00,2024,2024-05,BULL_FUERTE,74791.43,73914.92,SL,-16.37,-0.37,8715.4,1.0,9.37,True
2024-05-19 02:00:00,2024-05-19 03:00:00,2024,2024-05,BULL_FUERTE,75011.01,76255.21,TP2,46.22,1.06,8761.62,1.0,4.19,True
2024-05-22 02:00:00,2024-05-22 05:00:00,2024,2024-05,BULL_FUERTE,76353.65,77832.75,TP2,58.6,1.34,8820.22,3.0,9.88,True
2024-05-23 00:00:00,2024-05-23 00:00:00,2024,2024-05,BULL_FUERTE,76703.44,76031.33,SL,-38.64,-0.88,8781.58,0.0,3.47,False
2024-06-07 03:00:00,2024-06-07 04:00:00,2024,2024-06,BULL_FUERTE,69033.73,68629.79,SL,-25.69,-0.59,8755.88,1.0,9.01,False
2024-06-08 14:00:00,2024-06-08 14:00:00,2024,2024-06,BULL_FUERTE,71023.69,72070.49,TP2,38.39,0.88,8794.28,0.0,4.16,True
2024-06-10 15:00:00,2024-06-10 15:00:00,2024,2024-06,BULL_FUERTE,72734.87,74207.76,TP2,62.65,1.42,8856.93,0.0,4.37,True
2024-06-12 10:00:00,2024-06-12 12:00:00,2024,2024-06,BULL_FUERTE,72888.39,71880.18,SL,-61.26,-1.38,8795.67,2.0,4.89,False
2024-06-13 14:00:00,2024-06-13 18:00:00,2024,2024-06,BULL_FUERTE,74055.94,74903.81,TP2,24.19,0.55,8819.86,4.0,6.82,True
2024-06-20 11:00:00,2024-06-20 12:00:00,2024,2024-06,RECUPERACION,71407.03,70780.9,SL,-38.67,-0.88,8781.19,1.0,5.42,False
2024-06-24 18:00:00,2024-06-24 19:00:00,2024,2024-06,BULL_FUERTE,78463.81,77666.8,SL,-44.6,-1.02,8736.59,1.0,8.45,False
2024-06-28 04:00:00,2024-06-28 11:00:00,2024,2024-06,BULL_FUERTE,79634.87,78892.1,SL,-5.84,-0.13,8730.75,7.0,9.05,True
2024-06-29 10:00:00,2024-06-29 10:00:00,2024,2024-06,BULL_FUERTE,77854.38,76983.31,SL,-48.84,-1.12,8681.91,0.0,6.16,False
2024-06-30 19:00:00,2024-06-30 19:00:00,2024,2024-06,BULL_FUERTE,77503.31,76875.69,SL,-35.15,-0.81,8646.75,0.0,4.12,False
2024-07-10 09:00:00,2024-07-10 11:00:00,2024,2024-07,RECUPERACION,68893.68,69900.15,TP2,37.36,0.86,8684.11,2.0,5.58,True
2024-07-12 18:00:00,2024-07-12 18:00:00,2024,2024-07,BULL_FUERTE,69065.29,70134.14,TP2,41.26,0.95,8725.37,0.0,7.51,True
2024-07-14 16:00:00,2024-07-14 16:00:00,2024,2024-07,BULL_FUERTE,71647.49,71164.57,SL,-29.41,-0.67,8695.97,0.0,5.78,False
2024-07-19 07:00:00,2024-07-19 08:00:00,2024,2024-07,BULL_FUERTE,73468.41,72283.51,SL,-70.12,-1.61,8625.84,1.0,10.22,False
2024-07-22 01:00:00,2024-07-22 02:00:00,2024,2024-07,BULL_FUERTE,72511.18,71598.69,SL,-54.27,-1.26,8571.57,1.0,9.64,False
2024-07-23 04:00:00,2024-07-23 05:00:00,2024,2024-07,BULL_FUERTE,73107.06,74534.38,TP2,57.97,1.35,8629.54,1.0,6.23,True
2024-07-23 19:00:00,2024-07-23 19:00:00,2024,2024-07,BULL_FUERTE,73717.45,72754.7,SL,-56.35,-1.31,8573.19,0.0,4.08,False
2024-07-25 20:00:00,2024-07-25 21:00:00,2024,2024-07,BULL_FUERTE,73030.21,74401.47,TP2,54.8,1.28,8627.99,1.0,5.45,True
2024-07-26 07:00:00,2024-07-26 11:00:00,2024,2024-07,BULL_FUERTE,72556.73,72120.45,SL,8.64,0.2,8636.63,4.0,15.54,True
2024-07-27 13:00:00,2024-07-27 13:00:00,2024,2024-07,BULL_FUERTE,73905.82,75038.81,TP2,40.41,0.94,8677.04,0.0,4.07,True
2024-07-28 04:00:00,2024-07-28 04:00:00,2024,2024-07,BULL_FUERTE,75375.43,74503.03,SL,-50.21,-1.16,8626.82,0.0,5.86,False
2024-07-28 19:00:00,2024-07-28 21:00:00,2024,2024-07,BULL_FUERTE,76969.35,78016.98,TP2,32.99,0.76,8659.81,2.0,7.7,True
2024-07-31 05:00:00,2024-07-31 05:00:00,2024,2024-07,BULL_FUERTE,77960.57,77208.17,SL,-41.79,-0.97,8618.03,0.0,5.19,False
2024-08-07 17:00:00,2024-08-07 19:00:00,2024,2024-08,RECUPERACION,60725.05,61398.15,TP2,22.13,0.51,8640.16,2.0,4.57,True
2024-09-02 14:00:00,2024-09-02 18:00:00,2024,2024-09,BULL_FUERTE,66082.33,67185.45,TP2,46.28,1.07,8686.44,4.0,4.73,True
2024-09-06 04:00:00,2024-09-06 05:00:00,2024,2024-09,BULL_FUERTE,68183.11,68877.86,TP2,18.45,0.42,8704.89,1.0,8.07,True
2024-09-06 17:00:00,2024-09-06 20:00:00,2024,2024-09,BULL_FUERTE,69860.63,68778.56,SL,-32.86,-0.75,8672.03,3.0,4.8,True
2024-09-10 23:00:00,2024-09-10 23:00:00,2024,2024-09,RECUPERACION,62976.42,63966.18,TP2,42.24,0.97,8714.27,0.0,4.9,True
2024-09-11 20:00:00,2024-09-12 00:00:00,2024,2024-09,BULL_FUERTE,63370.38,64592.17,TP2,57.88,1.33,8772.15,4.0,5.0,True
2024-09-12 20:00:00,2024-09-12 23:00:00,2024,2024-09,BULL_FUERTE,64601.03,65845.4,TP2,58.19,1.33,8830.34,3.0,7.04,True
2024-09-13 07:00:00,2024-09-13 07:00:00,2024,2024-09,BULL_FUERTE,66400.89,67249.18,TP2,30.1,0.68,8860.44,0.0,2.2,True
2024-09-15 00:00:00,2024-09-15 02:00:00,2024,2024-09,BULL_FUERTE,71319.61,72253.59,TP2,31.62,0.71,8892.06,2.0,4.98,True
2024-09-21 17:00:00,2024-09-21 20:00:00,2024,2024-09,BULL_FUERTE,71431.9,72649.79,TP2,49.2,1.11,8941.26,3.0,6.16,True
2024-09-22 18:00:00,2024-09-22 21:00:00,2024,2024-09,BULL_FUERTE,67679.75,68959.09,TP2,57.71,1.29,8998.97,3.0,4.96,True
2024-09-23 12:00:00,2024-09-23 12:00:00,2024,2024-09,BULL_FUERTE,69455.86,70868.61,TP2,64.51,1.43,9063.49,0.0,8.03,True
2024-09-25 01:00:00,2024-09-25 12:00:00,2024,2024-09,BULL_FUERTE,68328.26,69350.14,TP2,40.72,0.9,9104.21,11.0,8.65,True
2024-09-26 03:00:00,2024-09-26 08:00:00,2024,2024-09,BULL_FUERTE,70146.1,71570.94,TP2,65.14,1.43,9169.35,5.0,7.74,True
2024-09-29 09:00:00,2024-09-29 11:00:00,2024,2024-09,BULL_FUERTE,75461.21,74451.65,SL,-24.86,-0.54,9144.49,2.0,10.33,True
2024-09-29 22:00:00,2024-09-29 22:00:00,2024,2024-09,BULL_FUERTE,76874.0,77774.2,TP2,26.33,0.58,9170.82,0.0,6.4,True
2024-10-07 03:00:00,2024-10-07 08:00:00,2024,2024-10,RECUPERACION,74670.15,75961.84,TP2,51.88,1.13,9222.7,5.0,5.11,True
2024-10-12 04:00:00,2024-10-12 04:00:00,2024,2024-10,RECUPERACION,72490.46,73603.98,TP2,43.29,0.94,9266.0,0.0,2.77,True
2024-10-12 11:00:00,2024-10-12 11:00:00,2024,2024-10,BULL_FUERTE,73901.99,72971.99,SL,-58.3,-1.26,9207.69,0.0,7.53,False
2024-10-18 05:00:00,2024-10-18 06:00:00,2024,2024-10,RECUPERACION,71742.09,71052.24,SL,-7.5,-0.16,9200.2,1.0,6.41,True
2024-10-20 18:00:00,2024-10-20 19:00:00,2024,2024-10,BULL_FUERTE,75808.04,74824.27,SL,-23.08,-0.5,9177.12,1.0,7.02,True
2024-10-22 06:00:00,2024-10-22 08:00:00,2024,2024-10,BULL_FUERTE,76169.89,74801.84,SL,-82.41,-1.8,9094.7,2.0,10.11,False
2024-10-23 09:00:00,2024-10-23 13:00:00,2024,2024-10,BULL_FUERTE,76042.68,74980.81,SL,-27.34,-0.6,9067.36,4.0,6.72,True
2024-10-24 04:00:00,2024-10-24 04:00:00,2024,2024-10,BULL_FUERTE,74814.96,74297.01,SL,-31.39,-0.69,9035.98,0.0,5.13,False
2024-10-25 05:00:00,2024-10-25 06:00:00,2024,2024-10,BULL_FUERTE,74929.41,76372.48,TP2,59.92,1.33,9095.9,1.0,7.65,True
2024-10-31 20:00:00,2024-10-31 21:00:00,2024,2024-10,RECUPERACION,73926.72,75236.06,TP2,53.32,1.17,9149.22,1.0,4.76,True
2024-11-01 18:00:00,2024-11-01 18:00:00,2024,2024-11,BULL_FUERTE,101059.95,102048.99,TP2,17.6,0.38,9166.82,0.0,10.28,True
2024-11-02 22:00:00,2024-11-02 22:00:00,2024,2024-11,BULL_FUERTE,100544.69,99983.82,SL,-25.57,-0.56,9141.25,0.0,9.62,False
2024-11-08 07:00:00,2024-11-08 07:00:00,2024,2024-11,BULL_FUERTE,118556.24,117243.62,SL,-50.6,-1.11,9090.65,0.0,11.09,False
2024-11-09 04:00:00,2024-11-09 04:00:00,2024,2024-11,BULL_FUERTE,124530.54,121670.41,SL,-104.39,-2.3,8986.26,0.0,12.75,False
2024-11-18 21:00:00,2024-11-18 21:00:00,2024,2024-11,BULL_FUERTE,118719.96,117297.35,SL,-53.84,-1.2,8932.42,0.0,11.08,False
2024-11-19 07:00:00,2024-11-19 10:00:00,2024,2024-11,BULL_FUERTE,121247.42,119630.0,SL,-24.04,-0.54,8908.37,3.0,6.5,True
2024-11-21 13:00:00,2024-11-21 13:00:00,2024,2024-11,BULL_FUERTE,117764.24,116970.86,SL,-30.01,-0.67,8878.37,0.0,8.86,False
2024-12-14 16:00:00,2024-12-14 16:00:00,2024,2024-12,RECUPERACION,85901.95,85097.34,SL,-41.58,-0.94,8836.79,0.0,3.97,False
2024-12-31 22:00:00,2024-12-31 22:00:00,2024,2024-12,BULL_FUERTE,59227.82,60331.58,TP2,55.87,1.26,8892.65,0.0,8.78,True
2025-01-05 13:00:00,2025-01-05 13:00:00,2025,2025-01,BULL_FUERTE,100459.0,99229.01,SL,-54.44,-1.22,8838.21,0.0,4.92,False
2025-01-05 23:00:00,2025-01-06 02:00:00,2025,2025-01,BULL_FUERTE,100232.14,98922.23,SL,-22.58,-0.51,8815.63,3.0,17.49,True
2025-01-06 09:00:00,2025-01-06 09:00:00,2025,2025-01,BULL_FUERTE,104489.13,103238.21,SL,-52.77,-1.2,8762.86,0.0,5.46,False
2025-01-06 17:00:00,2025-01-06 17:00:00,2025,2025-01,RECUPERACION,97326.22,96018.83,SL,-58.86,-1.34,8704.01,0.0,7.18,False
2025-01-07 17:00:00,2025-01-07 17:00:00,2025,2025-01,RECUPERACION,97467.01,96802.15,SL,-29.69,-0.68,8674.32,0.0,6.65,False
2025-01-19 05:00:00,2025-01-19 06:00:00,2025,2025-01,BULL_FUERTE,95688.42,94641.51,SL,-12.86,-0.3,8661.46,1.0,6.53,True
2025-01-21 08:00:00,2025-01-21 08:00:00,2025,2025-01,RECUPERACION,89731.01,88778.06,SL,-45.99,-1.06,8615.47,0.0,6.55,False
2025-01-23 07:00:00,2025-01-23 07:00:00,2025,2025-01,RECUPERACION,88074.1,87497.26,SL,-28.21,-0.65,8587.26,0.0,6.99,False
2025-01-31 17:00:00,2025-01-31 19:00:00,2025,2025-01,RECUPERACION,80831.51,79639.97,SL,-29.18,-0.68,8558.08,2.0,6.08,True
2025-02-02 07:00:00,2025-02-02 07:00:00,2025,2025-02,BULL_FUERTE,88672.27,89715.55,TP2,24.88,0.58,8582.96,0.0,7.38,True
2025-02-03 23:00:00,2025-02-03 23:00:00,2025,2025-02,RECUPERACION,84315.15,83675.74,SL,-32.54,-0.76,8550.41,0.0,4.4,False
2025-02-09 02:00:00,2025-02-09 02:00:00,2025,2025-02,BULL_FUERTE,86714.83,87764.42,TP2,26.29,0.62,8576.71,0.0,7.33,True
2025-02-10 00:00:00,2025-02-10 01:00:00,2025,2025-02,BULL_FUERTE,88400.34,86918.35,SL,-37.89,-0.88,8538.82,1.0,5.33,True
2025-02-11 16:00:00,2025-02-11 16:00:00,2025,2025-02,BULL_FUERTE,90438.69,88592.07,SL,-87.17,-2.04,8451.64,0.0,5.47,False
2025-02-17 20:00:00,2025-02-17 21:00:00,2025,2025-02,BULL_FUERTE,84948.02,83780.36,SL,-24.48,-0.58,8427.17,1.0,12.27,True
2025-02-21 15:00:00,2025-02-21 16:00:00,2025,2025-02,RECUPERACION,79808.75,81261.9,TP2,51.48,1.22,8478.65,1.0,12.39,True
2025-02-22 00:00:00,2025-02-22 01:00:00,2025,2025-02,RECUPERACION,82692.88,81773.35,SL,-47.14,-1.11,8431.51,1.0,5.79,False
2025-02-22 17:00:00,2025-02-22 21:00:00,2025,2025-02,RECUPERACION,81517.47,80581.72,SL,-14.79,-0.35,8416.72,4.0,3.78,True
2025-02-28 20:00:00,2025-02-28 20:00:00,2025,2025-02,BULL_FUERTE,80574.32,81572.56,TP2,27.08,0.64,8443.8,0.0,6.49,True
2025-03-01 14:00:00,2025-03-01 20:00:00,2025,2025-03,RECUPERACION,79672.3,78683.09,SL,-18.79,-0.45,8425.01,6.0,9.81,True
2025-03-10 11:00:00,2025-03-10 11:00:00,2025,2025-03,RECUPERACION,75606.75,76902.17,TP2,46.97,1.12,8471.98,0.0,6.14,True
2025-03-16 20:00:00,2025-03-17 01:00:00,2025,2025-03,BULL_FUERTE,78250.44,77585.33,SL,-2.13,-0.05,8469.84,5.0,9.81,True
2025-03-17 08:00:00,2025-03-17 10:00:00,2025,2025-03,RECUPERACION,77753.67,76988.85,SL,-7.84,-0.19,8462.0,2.0,9.36,True
2025-03-21 01:00:00,2025-03-21 01:00:00,2025,2025-03,BULL_FUERTE,78269.33,79597.95,TP2,46.51,1.1,8508.51,0.0,10.98,True
2025-03-22 20:00:00,2025-03-22 22:00:00,2025,2025-03,BULL_FUERTE,82492.26,81765.34,SL,-37.49,-0.88,8471.03,2.0,14.77,False
2025-03-25 13:00:00,2025-03-25 13:00:00,2025,2025-03,BULL_FUERTE,83561.68,82473.58,SL,-55.15,-1.3,8415.87,0.0,2.16,False
2025-03-29 11:00:00,2025-03-29 11:00:00,2025,2025-03,RECUPERACION,80135.49,81287.66,TP2,35.39,0.84,8451.27,0.0,7.64,True
2025-03-29 23:00:00,2025-03-29 23:00:00,2025,2025-03,BULL_FUERTE,80739.99,81574.43,TP2,18.56,0.44,8469.82,0.0,8.24,True
2025-04-05 12:00:00,2025-04-05 12:00:00,2025,2025-04,BULL_FUERTE,107757.98,108853.52,TP2,17.89,0.42,8487.71,0.0,7.32,True
2025-04-06 02:00:00,2025-04-06 02:00:00,2025,2025-04,BULL_FUERTE,110509.21,112260.67,TP2,41.9,0.99,8529.62,0.0,8.22,True
2025-04-06 22:00:00,2025-04-06 22:00:00,2025,2025-04,BULL_FUERTE,113417.77,111930.5,SL,-55.93,-1.31,8473.69,0.0,11.84,False
2025-04-09 03:00:00,2025-04-09 03:00:00,2025,2025-04,RECUPERACION,107548.42,106949.86,SL,-23.58,-0.56,8450.11,0.0,8.42,False
2025-04-10 20:00:00,2025-04-10 20:00:00,2025,2025-04,BULL_FUERTE,113260.16,111703.37,SL,-58.07,-1.37,8392.04,0.0,6.52,False
2025-04-21 07:00:00,2025-04-21 10:00:00,2025,2025-04,BULL_FUERTE,101999.86,104043.5,TP2,58.89,1.4,8450.93,3.0,4.36,True
2025-04-22 00:00:00,2025-04-22 02:00:00,2025,2025-04,BULL_FUERTE,104186.69,105522.54,TP2,29.0,0.69,8479.93,2.0,5.59,True
2025-05-01 21:00:00,2025-05-01 21:00:00,2025,2025-05,BULL_FUERTE,103649.86,104330.41,TP2,2.73,0.06,8482.67,0.0,5.42,True
2025-05-03 10:00:00,2025-05-03 10:00:00,2025,2025-05,BULL_FUERTE,104689.31,104119.42,SL,-23.09,-0.54,8459.58,0.0,10.59,False
2025-05-08 05:00:00,2025-05-08 09:00:00,2025,2025-05,BULL_FUERTE,109933.41,112004.42,TP2,54.33,1.28,8513.91,4.0,3.34,True
2025-05-09 20:00:00,2025-05-09 20:00:00,2025,2025-05,BULL_FUERTE,113743.32,112880.68,SL,-32.29,-0.76,8481.63,0.0,7.18,False
2025-05-10 11:00:00,2025-05-10 11:00:00,2025,2025-05,BULL_FUERTE,116207.46,118451.58,TP2,56.47,1.33,8538.1,0.0,2.9,True
2025-05-12 21:00:00,2025-05-12 21:00:00,2025,2025-05,BULL_FUERTE,115592.9,117155.65,TP2,32.26,0.76,8570.36,0.0,6.11,True
2025-05-13 23:00:00,2025-05-13 23:00:00,2025,2025-05,BULL_FUERTE,121240.82,120415.32,SL,-29.18,-0.68,8541.18,0.0,14.17,False
2025-05-14 20:00:00,2025-05-14 21:00:00,2025,2025-05,RECUPERACION,117093.89,119645.69,TP2,67.4,1.58,8608.58,1.0,5.83,True
2025-05-19 00:00:00,2025-05-19 01:00:00,2025,2025-05,RECUPERACION,120068.36,121766.11,TP2,35.18,0.82,8643.77,1.0,5.24,True
2025-05-19 12:00:00,2025-05-19 15:00:00,2025,2025-05,BULL_FUERTE,122086.68,123787.95,TP2,34.45,0.8,8678.21,3.0,5.06,True
2025-05-20 14:00:00,2025-05-20 15:00:00,2025,2025-05,BULL_FUERTE,122876.62,124348.54,TP2,26.15,0.6,8704.36,1.0,5.38,True
2025-05-21 06:00:00,2025-05-21 07:00:00,2025,2025-05,BULL_FUERTE,123692.49,125346.32,TP2,32.25,0.74,8736.61,1.0,5.03,True
2025-05-22 18:00:00,2025-05-22 18:00:00,2025,2025-05,BULL_FUERTE,128907.08,130097.66,TP2,14.41,0.33,8751.02,0.0,8.99,True
2025-05-24 04:00:00,2025-05-24 06:00:00,2025,2025-05,BULL_FUERTE,133620.3,135779.37,TP2,44.55,1.02,8795.57,2.0,12.99,True
2025-05-24 21:00:00,2025-05-24 21:00:00,2025,2025-05,BULL_FUERTE,135484.77,134286.59,SL,-38.89,-0.88,8756.68,0.0,5.34,False
2025-05-31 14:00:00,2025-05-31 14:00:00,2025,2025-05,RECUPERACION,125160.1,127603.8,TP2,59.23,1.35,8815.9,0.0,6.04,True
2025-06-18 00:00:00,2025-06-18 02:00:00,2025,2025-06,RECUPERACION,106428.44,104844.57,SL,-30.58,-0.69,8785.32,2.0,3.46,True
2025-07-02 11:00:00,2025-07-02 11:00:00,2025,2025-07,BULL_FUERTE,124887.92,123266.21,SL,-57.04,-1.3,8728.28,0.0,3.74,False
2025-07-03 11:00:00,2025-07-03 11:00:00,2025,2025-07,BULL_FUERTE,123435.92,125217.2,TP2,36.94,0.85,8765.22,0.0,5.45,True
2025-07-06 06:00:00,2025-07-06 08:00:00,2025,2025-07,BULL_FUERTE,124080.6,125790.77,TP2,34.27,0.78,8799.49,2.0,6.75,True
2025-07-08 11:00:00,2025-07-08 12:00:00,2025,2025-07,BULL_FUERTE,132473.3,131532.66,SL,-31.24,-0.71,8768.25,1.0,3.61,False
2025-07-08 19:00:00,2025-07-08 19:00:00,2025,2025-07,BULL_FUERTE,131404.63,130052.45,SL,-45.11,-1.03,8723.13,0.0,3.94,False
2025-07-09 11:00:00,2025-07-09 11:00:00,2025,2025-07,BULL_FUERTE,131461.43,133528.85,TP2,42.53,0.98,8765.67,0.0,5.39,True
2025-07-09 21:00:00,2025-07-09 21:00:00,2025,2025-07,BULL_FUERTE,130905.53,133375.8,TP2,56.44,1.29,8822.11,0.0,3.08,True
2025-07-10 23:00:00,2025-07-10 23:00:00,2025,2025-07,BULL_FUERTE,129460.21,131518.91,TP2,43.79,0.99,8865.89,0.0,8.86,True
2025-07-11 15:00:00,2025-07-11 16:00:00,2025,2025-07,BULL_FUERTE,132920.55,131553.43,SL,-10.21,-0.23,8855.68,1.0,6.81,True
2025-07-12 18:00:00,2025-07-12 18:00:00,2025,2025-07,BULL_FUERTE,133449.46,135072.24,TP2,27.48,0.62,8883.16,0.0,8.78,True
2025-07-13 20:00:00,2025-07-13 21:00:00,2025,2025-07,RECUPERACION,129264.76,127106.49,SL,-74.16,-1.67,8809.0,1.0,4.38,False
2025-07-26 19:00:00,2025-07-26 20:00:00,2025,2025-07,RECUPERACION,114998.09,117283.59,TP2,61.11,1.39,8870.11,1.0,8.49,True
2025-07-30 02:00:00,2025-07-30 09:00:00,2025,2025-07,BULL_FUERTE,117374.53,116454.72,SL,0.73,0.02,8870.84,7.0,7.06,True
2025-07-31 13:00:00,2025-07-31 17:00:00,2025,2025-07,BULL_FUERTE,117516.72,116632.29,SL,2.12,0.05,8872.96,4.0,7.67,True
2025-08-05 19:00:00,2025-08-05 19:00:00,2025,2025-08,BULL_FUERTE,126347.48,125389.3,SL,-33.65,-0.76,8839.32,0.0,19.25,False
2025-08-10 18:00:00,2025-08-10 19:00:00,2025,2025-08,BULL_FUERTE,130766.54,129497.46,SL,-42.89,-0.97,8796.43,1.0,4.54,False
2025-08-13 19:00:00,2025-08-13 20:00:00,2025,2025-08,RECUPERACION,121357.91,120534.52,SL,-29.84,-0.68,8766.58,1.0,7.43,False
2025-08-14 08:00:00,2025-08-14 08:00:00,2025,2025-08,RECUPERACION,120830.52,119407.8,SL,-51.61,-1.18,8714.97,0.0,6.7,False
2025-08-17 20:00:00,2025-08-17 20:00:00,2025,2025-08,BULL_FUERTE,127407.9,126175.4,SL,-42.15,-0.97,8672.82,0.0,8.14,False
2025-08-18 22:00:00,2025-08-18 22:00:00,2025,2025-08,BULL_FUERTE,129487.07,128263.55,SL,-40.97,-0.94,8631.85,0.0,9.85,False
2025-08-21 08:00:00,2025-08-21 08:00:00,2025,2025-08,BULL_FUERTE,136430.18,134744.31,SL,-53.33,-1.24,8578.51,0.0,15.7,False
2025-08-24 03:00:00,2025-08-24 05:00:00,2025,2025-08,RECUPERACION,131069.53,132646.87,TP2,26.08,0.61,8604.6,2.0,6.32,True
2025-08-28 06:00:00,2025-08-28 09:00:00,2025,2025-08,BULL_FUERTE,129621.79,128509.8,SL,-2.51,-0.06,8602.09,3.0,3.72,True
2025-08-30 21:00:00,2025-08-30 21:00:00,2025,2025-08,BULL_FUERTE,130133.25,131843.14,TP2,30.88,0.72,8632.97,0.0,3.31,True
2025-08-31 21:00:00,2025-08-31 21:00:00,2025,2025-08,BULL_FUERTE,132684.05,131784.38,SL,-29.27,-0.68,8603.7,0.0,13.15,False
2025-09-09 23:00:00,2025-09-10 02:00:00,2025,2025-09,RECUPERACION,113150.77,111587.84,SL,-25.21,-0.59,8578.49,3.0,4.84,True
2025-09-10 19:00:00,2025-09-10 19:00:00,2025,2025-09,RECUPERACION,113484.05,115062.57,TP2,34.08,0.79,8612.57,0.0,4.07,True
2025-09-12 06:00:00,2025-09-12 09:00:00,2025,2025-09,BULL_FUERTE,115803.8,118335.44,TP2,68.26,1.59,8680.83,3.0,8.8,True
2025-09-17 19:00:00,2025-09-17 19:00:00,2025,2025-09,RECUPERACION,115796.12,114560.12,SL,-46.33,-1.07,8634.5,0.0,1.22,False
2025-09-18 06:00:00,2025-09-18 07:00:00,2025,2025-09,RECUPERACION,113062.33,115301.21,TP2,59.59,1.38,8694.09,1.0,5.51,True
2025-09-21 17:00:00,2025-09-21 17:00:00,2025,2025-09,BULL_FUERTE,126043.73,123999.99,SL,-70.49,-1.62,8623.61,0.0,9.31,False
2025-09-22 22:00:00,2025-09-23 00:00:00,2025,2025-09,BULL_FUERTE,127054.95,128599.23,TP2,26.74,0.62,8650.34,2.0,5.55,True
2025-09-23 07:00:00,2025-09-23 07:00:00,2025,2025-09,BULL_FUERTE,125460.99,123885.69,SL,-54.31,-1.26,8596.04,0.0,5.75,False
2025-09-29 10:00:00,2025-09-29 14:00:00,2025,2025-09,RECUPERACION,124174.69,126125.58,TP2,41.85,0.97,8637.88,4.0,8.23,True
2025-09-30 04:00:00,2025-09-30 05:00:00,2025,2025-09,RECUPERACION,122720.73,121614.92,SL,-38.92,-0.9,8598.97,1.0,4.77,False
2025-10-07 19:00:00,2025-10-07 20:00:00,2025,2025-10,RECUPERACION,114453.76,116727.12,TP2,59.61,1.39,8658.57,1.0,9.88,True
2025-10-10 07:00:00,2025-10-10 09:00:00,2025,2025-10,BULL_FUERTE,117545.46,120157.14,TP2,70.16,1.62,8728.73,2.0,16.34,True
2025-10-10 20:00:00,2025-10-10 20:00:00,2025,2025-10,BULL_FUERTE,118974.02,120201.14,TP2,19.08,0.44,8747.81,0.0,7.57,True
2025-10-13 11:00:00,2025-10-13 13:00:00,2025,2025-10,BULL_FUERTE,123089.2,121706.21,SL,-49.14,-1.12,8698.66,2.0,11.82,False
2025-10-20 13:00:00,2025-10-20 13:00:00,2025,2025-10,RECUPERACION,118024.11,118878.59,TP2,5.72,0.13,8704.38,0.0,5.64,True
2025-11-05 08:00:00,2025-11-05 08:00:00,2025,2025-11,BULL_FUERTE,109193.45,108162.89,SL,-41.08,-0.94,8663.31,0.0,6.74,False
2025-11-05 15:00:00,2025-11-05 16:00:00,2025,2025-11,BULL_FUERTE,111248.27,112348.08,TP2,17.09,0.39,8680.4,1.0,8.6,True
2025-11-06 03:00:00,2025-11-06 03:00:00,2025,2025-11,BULL_FUERTE,111582.02,112607.75,TP2,14.13,0.33,8694.53,0.0,7.09,True
2025-11-07 10:00:00,2025-11-07 11:00:00,2025,2025-11,RECUPERACION,108980.81,110808.55,TP2,46.91,1.08,8741.44,1.0,1.15,True
2025-11-08 10:00:00,2025-11-08 11:00:00,2025,2025-11,BULL_FUERTE,109383.59,108041.9,SL,-53.61,-1.23,8687.83,1.0,3.38,False
2025-11-09 10:00:00,2025-11-09 12:00:00,2025,2025-11,BULL_FUERTE,110446.6,111160.46,TP2,2.36,0.05,8690.18,2.0,8.41,True
2025-11-10 09:00:00,2025-11-10 09:00:00,2025,2025-11,BULL_FUERTE,112333.8,114428.0,TP2,54.97,1.27,8745.15,0.0,9.21,True
2025-11-11 10:00:00,2025-11-11 10:00:00,2025,2025-11,BULL_FUERTE,115833.09,114601.61,SL,-46.49,-1.06,8698.67,0.0,8.85,False
2025-12-03 06:00:00,2025-12-03 06:00:00,2025,2025-12,RECUPERACION,89282.36,90687.31,TP2,42.45,0.98,8741.12,0.0,9.05,True
2025-12-03 19:00:00,2025-12-03 22:00:00,2025,2025-12,BULL_FUERTE,88795.82,90588.96,TP2,62.03,1.42,8803.15,3.0,11.07,True
2025-12-04 05:00:00,2025-12-04 06:00:00,2025,2025-12,RECUPERACION,90101.78,91473.03,TP2,40.7,0.92,8843.85,1.0,8.55,True
2025-12-07 00:00:00,2025-12-07 02:00:00,2025,2025-12,BULL_FUERTE,95185.21,93534.75,SL,-41.63,-0.94,8802.22,2.0,19.9,True
2025-12-08 16:00:00,2025-12-08 16:00:00,2025,2025-12,RECUPERACION,95086.19,93648.77,SL,-66.53,-1.51,8735.69,0.0,9.06,False
2025-12-11 22:00:00,2025-12-11 22:00:00,2025,2025-12,RECUPERACION,97049.23,98596.95,TP2,43.55,1.0,8779.24,0.0,5.14,True
2025-12-12 18:00:00,2025-12-12 18:00:00,2025,2025-12,BULL_FUERTE,96365.85,94982.18,SL,-63.03,-1.44,8716.22,0.0,12.43,False
2025-12-14 19:00:00,2025-12-14 19:00:00,2025,2025-12,BULL_FUERTE,98361.6,99438.41,TP2,21.79,0.5,8738.01,0.0,5.91,True
2025-12-15 22:00:00,2025-12-16 00:00:00,2025,2025-12,BULL_FUERTE,100116.23,99310.1,SL,-0.23,-0.01,8737.78,2.0,5.34,True
2025-12-19 02:00:00,2025-12-19 03:00:00,2025,2025-12,BULL_FUERTE,100464.16,101826.01,TP2,33.17,0.76,8770.96,1.0,3.04,True
2025-12-20 01:00:00,2025-12-20 01:00:00,2025,2025-12,BULL_FUERTE,98785.69,97816.38,SL,-43.03,-0.98,8727.92,0.0,5.13,False
2025-12-22 05:00:00,2025-12-22 08:00:00,2025,2025-12,BULL_FUERTE,103548.42,104925.06,TP2,32.01,0.73,8759.93,3.0,11.28,True
2025-12-22 21:00:00,2025-12-22 21:00:00,2025,2025-12,BULL_FUERTE,105102.52,103574.97,SL,-63.66,-1.45,8696.27,0.0,2.89,False
2025-12-23 20:00:00,2025-12-23 21:00:00,2025,2025-12,BULL_FUERTE,104329.87,102855.22,SL,-26.89,-0.62,8669.38,1.0,5.81,True
2025-12-25 01:00:00,2025-12-25 01:00:00,2025,2025-12,BULL_FUERTE,107174.15,105682.05,SL,-60.35,-1.39,8609.03,0.0,4.5,False
2025-12-26 07:00:00,2025-12-26 07:00:00,2025,2025-12,BULL_FUERTE,104486.24,103564.67,SL,-37.97,-0.88,8571.07,0.0,5.63,False
2026-01-07 05:00:00,2026-01-07 05:00:00,2026,2026-01,BULL_FUERTE,93111.91,92190.59,SL,-42.4,-0.99,8528.66,0.0,12.43,False
2026-01-08 21:00:00,2026-01-08 21:00:00,2026,2026-01,BULL_FUERTE,92638.34,94363.28,TP2,53.85,1.26,8582.51,0.0,5.06,True
2026-01-10 15:00:00,2026-01-10 15:00:00,2026,2026-01,BULL_FUERTE,95030.37,94018.81,SL,-45.68,-1.06,8536.84,0.0,13.01,False
2026-01-13 21:00:00,2026-01-13 21:00:00,2026,2026-01,BULL_FUERTE,95219.0,93992.28,SL,-54.99,-1.29,8481.84,0.0,8.86,False
2026-01-17 00:00:00,2026-01-17 00:00:00,2026,2026-01,BULL_FUERTE,100018.89,99117.43,SL,-38.22,-0.9,8443.62,0.0,10.01,False
2026-01-17 07:00:00,2026-01-17 08:00:00,2026,2026-01,BULL_MODERADO,95791.15,97571.5,TP2,53.17,1.26,8496.79,1.0,13.23,True
2026-01-17 15:00:00,2026-01-17 15:00:00,2026,2026-01,BULL_FUERTE,97255.03,96261.41,SL,-43.4,-1.02,8453.39,0.0,5.32,False
2026-01-18 00:00:00,2026-01-18 00:00:00,2026,2026-01,BULL_FUERTE,96630.74,95566.63,SL,-46.55,-1.1,8406.84,0.0,3.3,False
2026-01-20 17:00:00,2026-01-20 17:00:00,2026,2026-01,BULL_FUERTE,102482.81,101626.39,SL,-35.13,-0.84,8371.72,0.0,6.8,False
2026-01-25 00:00:00,2026-01-25 00:00:00,2026,2026-01,BULL_FUERTE,123173.87,120994.35,SL,-74.07,-1.77,8297.65,0.0,6.72,False
2026-01-26 10:00:00,2026-01-26 12:00:00,2026,2026-01,BULL_FUERTE,118447.19,117347.69,SL,-5.36,-0.13,8292.28,2.0,3.94,True
2026-01-27 02:00:00,2026-01-27 03:00:00,2026,2026-01,RECUPERACION,116631.73,118054.91,TP2,25.91,0.62,8318.19,1.0,6.47,True
2026-01-30 11:00:00,2026-01-30 11:00:00,2026,2026-01,RECUPERACION,114670.02,116207.15,TP2,30.96,0.74,8349.15,0.0,7.9,True
2026-02-10 08:00:00,2026-02-10 08:00:00,2026,2026-02,RECUPERACION,76799.01,75639.37,SL,-63.03,-1.51,8286.11,0.0,5.53,False
2026-02-13 15:00:00,2026-02-13 16:00:00,2026,2026-02,BULL_FUERTE,78927.84,78380.43,SL,4.45,0.11,8290.56,1.0,5.94,True
2026-02-14 10:00:00,2026-02-14 11:00:00,2026,2026-02,BULL_FUERTE,79513.64,80784.39,TP2,41.47,1.0,8332.03,1.0,5.13,True
2026-02-15 05:00:00,2026-02-15 05:00:00,2026,2026-02,BULL_FUERTE,81870.46,80826.9,SL,-53.1,-1.27,8278.93,0.0,8.28,False
2026-02-16 07:00:00,2026-02-16 08:00:00,2026,2026-02,BULL_FUERTE,82521.6,83458.01,TP2,22.35,0.54,8301.28,1.0,7.42,True
2026-02-16 20:00:00,2026-02-16 20:00:00,2026,2026-02,BULL_FUERTE,83957.47,85399.78,TP2,46.47,1.12,8347.75,0.0,6.22,True
2026-02-18 14:00:00,2026-02-18 15:00:00,2026,2026-02,BULL_FUERTE,98524.48,96839.07,SL,-38.32,-0.92,8309.43,1.0,9.9,True
2026-02-24 09:00:00,2026-02-24 12:00:00,2026,2026-02,BULL_FUERTE,100711.46,99702.5,SL,-41.62,-1.0,8267.81,3.0,14.29,False
2026-02-25 02:00:00,2026-02-25 02:00:00,2026,2026-02,BULL_FUERTE,105386.39,107595.34,TP2,61.82,1.5,8329.63,0.0,8.56,True
2026-02-27 10:00:00,2026-02-27 10:00:00,2026,2026-02,BULL_FUERTE,109295.92,108203.8,SL,-41.62,-1.0,8288.01,0.0,5.72,False
2026-03-08 01:00:00,2026-03-08 01:00:00,2026,2026-03,RECUPERACION,81086.84,82173.17,TP2,30.81,0.74,8318.83,0.0,8.71,True
2026-03-09 05:00:00,2026-03-09 05:00:00,2026,2026-03,BULL_FUERTE,85046.97,86518.19,TP2,47.06,1.13,8365.89,0.0,14.47,True
2026-03-12 02:00:00,2026-03-12 02:00:00,2026,2026-03,BULL_FUERTE,103011.96,101417.55,SL,-64.74,-1.55,8301.15,0.0,6.17,False
2026-03-12 14:00:00,2026-03-12 15:00:00,2026,2026-03,BULL_FUERTE,100435.38,98990.89,SL,-59.69,-1.44,8241.45,1.0,11.5,False
2026-03-13 09:00:00,2026-03-13 10:00:00,2026,2026-03,BULL_FUERTE,98305.74,100121.47,TP2,51.42,1.25,8292.88,1.0,3.82,True
2026-03-14 00:00:00,2026-03-14 01:00:00,2026,2026-03,RECUPERACION,99287.09,97714.11,SL,-65.69,-1.58,8227.19,1.0,5.23,False
2026-03-17 17:00:00,2026-03-17 18:00:00,2026,2026-03,BULL_FUERTE,94294.0,95513.78,TP2,28.7,0.7,8255.89,1.0,7.57,True
2026-03-18 12:00:00,2026-03-18 14:00:00,2026,2026-03,BULL_FUERTE,97076.08,95902.09,SL,-17.03,-0.41,8238.86,2.0,6.38,True
2026-03-20 13:00:00,2026-03-20 15:00:00,2026,2026-03,BULL_FUERTE,95587.04,97501.41,TP2,57.78,1.4,8296.64,2.0,6.94,True
2026-04-05 14:00:00,2026-04-05 14:00:00,2026,2026-04,RECUPERACION,76664.63,76029.17,SL,-34.38,-0.83,8262.26,0.0,4.75,False
2026-04-13 04:00:00,2026-04-13 04:00:00,2026,2026-04,BULL_FUERTE,74037.1,75299.49,TP2,45.72,1.11,8307.98,0.0,6.63,True
2026-04-16 04:00:00,2026-04-16 04:00:00,2026,2026-04,BULL_FUERTE,80926.55,80575.28,SL,-18.03,-0.43,8289.95,0.0,12.28,False
2026-04-16 22:00:00,2026-04-16 23:00:00,2026,2026-04,RECUPERACION,78551.96,79786.47,TP2,40.38,0.97,8330.33,1.0,4.72,True
2026-04-17 19:00:00,2026-04-17 21:00:00,2026,2026-04,BULL_FUERTE,81833.42,82671.71,TP2,17.92,0.43,8348.24,2.0,6.07,True
2026-04-18 20:00:00,2026-04-18 21:00:00,2026,2026-04,BULL_FUERTE,86673.92,85409.46,SL,-27.72,-0.66,8320.52,1.0,3.01,True
2026-04-20 00:00:00,2026-04-20 01:00:00,2026,2026-04,BULL_FUERTE,85680.49,86919.73,TP2,35.35,0.85,8355.86,1.0,9.24,True
2026-04-21 11:00:00,2026-04-21 12:00:00,2026,2026-04,BULL_FUERTE,86270.4,87928.23,TP2,55.24,1.32,8411.1,1.0,5.75,True
2026-04-23 00:00:00,2026-04-23 03:00:00,2026,2026-04,BULL_FUERTE,91546.53,92568.17,TP2,21.92,0.52,8433.02,3.0,8.92,True
2026-04-23 14:00:00,2026-04-23 14:00:00,2026,2026-04,BULL_FUERTE,92144.84,91323.46,SL,-37.59,-0.89,8395.43,0.0,5.45,False
2026-04-26 02:00:00,2026-04-26 03:00:00,2026,2026-04,BULL_FUERTE,92739.56,94681.55,TP2,62.69,1.49,8458.12,1.0,6.87,True
2026-04-28 17:00:00,2026-04-28 17:00:00,2026,2026-04,BULL_FUERTE,98424.34,96691.22,SL,-74.47,-1.76,8383.66,0.0,14.74,False
